-- MySQL dump 10.13  Distrib 8.0.41, for Win64 (x86_64)
--
-- Host: localhost    Database: course_project
-- ------------------------------------------------------
-- Server version	8.0.41

/*!40101 SET @OLD_CHARACTER_SET_CLIENT=@@CHARACTER_SET_CLIENT */;
/*!40101 SET @OLD_CHARACTER_SET_RESULTS=@@CHARACTER_SET_RESULTS */;
/*!40101 SET @OLD_COLLATION_CONNECTION=@@COLLATION_CONNECTION */;
/*!50503 SET NAMES utf8mb4 */;
/*!40103 SET @OLD_TIME_ZONE=@@TIME_ZONE */;
/*!40103 SET TIME_ZONE='+00:00' */;
/*!40014 SET @OLD_UNIQUE_CHECKS=@@UNIQUE_CHECKS, UNIQUE_CHECKS=0 */;
/*!40014 SET @OLD_FOREIGN_KEY_CHECKS=@@FOREIGN_KEY_CHECKS, FOREIGN_KEY_CHECKS=0 */;
/*!40101 SET @OLD_SQL_MODE=@@SQL_MODE, SQL_MODE='NO_AUTO_VALUE_ON_ZERO' */;
/*!40111 SET @OLD_SQL_NOTES=@@SQL_NOTES, SQL_NOTES=0 */;

--
-- Table structure for table `categories`
--

DROP TABLE IF EXISTS `categories`;
/*!40101 SET @saved_cs_client     = @@character_set_client */;
/*!50503 SET character_set_client = utf8mb4 */;
CREATE TABLE `categories` (
  `category_id` int unsigned NOT NULL AUTO_INCREMENT,
  `name` varchar(50) DEFAULT NULL,
  PRIMARY KEY (`category_id`)
) ENGINE=InnoDB DEFAULT CHARSET=utf8mb4 COLLATE=utf8mb4_0900_ai_ci;
/*!40101 SET character_set_client = @saved_cs_client */;

--
-- Dumping data for table `categories`
--

LOCK TABLES `categories` WRITE;
/*!40000 ALTER TABLE `categories` DISABLE KEYS */;
/*!40000 ALTER TABLE `categories` ENABLE KEYS */;
UNLOCK TABLES;

--
-- Table structure for table `customers`
--

DROP TABLE IF EXISTS `customers`;
/*!40101 SET @saved_cs_client     = @@character_set_client */;
/*!50503 SET character_set_client = utf8mb4 */;
CREATE TABLE `customers` (
  `customer_id` varchar(50) NOT NULL,
  `first_name` varchar(50) DEFAULT NULL,
  `last_name` varchar(50) DEFAULT NULL,
  `phone` varchar(25) DEFAULT NULL,
  `workplace` varchar(100) DEFAULT NULL,
  `position` varchar(50) DEFAULT NULL,
  PRIMARY KEY (`customer_id`),
  UNIQUE KEY `uq_customer_phone` (`phone`),
  KEY `idx_customer_name` (`last_name`,`first_name`) COMMENT '–£—Å–∫–æ—Ä—è–µ—Ç –ø–æ–∏—Å–∫ –∫–ª–∏–µ–Ω—Ç–æ–≤ –ø–æ —Ñ–∞–º–∏–ª–∏–∏ –∏ –∏–º–µ–Ω–∏'
) ENGINE=InnoDB DEFAULT CHARSET=utf8mb4 COLLATE=utf8mb4_0900_ai_ci;
/*!40101 SET character_set_client = @saved_cs_client */;

--
-- Dumping data for table `customers`
--

LOCK TABLES `customers` WRITE;
/*!40000 ALTER TABLE `customers` DISABLE KEYS */;
INSERT INTO `customers` VALUES ('customer_1','Andrey','Alekseev','+79296758019','SteelWorks','Worker'),('customer_10','Vladimir','Fedorov','+70149422587','BuildCorp','Manager'),('customer_2','Petr','Smirnov','+72358780023','UrbanLab','Analyst'),('customer_3','Sergey','Andreev','+71364071334','BuildCorp','Technician'),('customer_4','Petr','Sidorov','+75278816494','BrickHouse','Analyst'),('customer_5','Ivan','Volkov','+77523993692','BrickHouse','Technician'),('customer_6','Oleg','Petrov','+77439615486','BrickHouse','Worker'),('customer_7','Alexey','Petrov','+71941401702','UrbanLab','Analyst'),('customer_8','Andrey','Volkov','+71617548222','SteelWorks','Manager'),('customer_9','Oleg','Alekseev','+77316162245','BuildCorp','Engineer');
/*!40000 ALTER TABLE `customers` ENABLE KEYS */;
UNLOCK TABLES;

--
-- Table structure for table `discount`
--

DROP TABLE IF EXISTS `discount`;
/*!40101 SET @saved_cs_client     = @@character_set_client */;
/*!50503 SET character_set_client = utf8mb4 */;
CREATE TABLE `discount` (
  `discount_id` int unsigned NOT NULL AUTO_INCREMENT,
  `name` varchar(50) DEFAULT NULL,
  `percent` decimal(5,2) DEFAULT NULL,
  `start_date` date DEFAULT NULL,
  `end_date` date DEFAULT NULL,
  PRIMARY KEY (`discount_id`),
  CONSTRAINT `chk_percent_range` CHECK ((`percent` between 0 and 100))
) ENGINE=InnoDB AUTO_INCREMENT=3 DEFAULT CHARSET=utf8mb4 COLLATE=utf8mb4_0900_ai_ci;
/*!40101 SET character_set_client = @saved_cs_client */;

--
-- Dumping data for table `discount`
--

LOCK TABLES `discount` WRITE;
/*!40000 ALTER TABLE `discount` DISABLE KEYS */;
INSERT INTO `discount` VALUES (1,'10% —Å–∫–∏–¥–∫–∞',10.00,NULL,NULL),(2,'5% —Å–∫–∏–¥–∫–∞',5.00,NULL,NULL);
/*!40000 ALTER TABLE `discount` ENABLE KEYS */;
UNLOCK TABLES;

--
-- Table structure for table `payments`
--

DROP TABLE IF EXISTS `payments`;
/*!40101 SET @saved_cs_client     = @@character_set_client */;
/*!50503 SET character_set_client = utf8mb4 */;
CREATE TABLE `payments` (
  `payment_id` int unsigned NOT NULL AUTO_INCREMENT,
  `method` varchar(25) DEFAULT NULL,
  PRIMARY KEY (`payment_id`)
) ENGINE=InnoDB AUTO_INCREMENT=2 DEFAULT CHARSET=utf8mb4 COLLATE=utf8mb4_0900_ai_ci;
/*!40101 SET character_set_client = @saved_cs_client */;

--
-- Dumping data for table `payments`
--

LOCK TABLES `payments` WRITE;
/*!40000 ALTER TABLE `payments` DISABLE KEYS */;
INSERT INTO `payments` VALUES (1,'Cash');
/*!40000 ALTER TABLE `payments` ENABLE KEYS */;
UNLOCK TABLES;

--
-- Table structure for table `product_price_history`
--

DROP TABLE IF EXISTS `product_price_history`;
/*!40101 SET @saved_cs_client     = @@character_set_client */;
/*!50503 SET character_set_client = utf8mb4 */;
CREATE TABLE `product_price_history` (
  `history_id` int unsigned NOT NULL AUTO_INCREMENT,
  `sku` int unsigned DEFAULT NULL,
  `old_price` decimal(7,2) DEFAULT NULL,
  `new_price` decimal(7,2) DEFAULT NULL,
  `change_time` timestamp NULL DEFAULT CURRENT_TIMESTAMP,
  PRIMARY KEY (`history_id`)
) ENGINE=InnoDB DEFAULT CHARSET=utf8mb4 COLLATE=utf8mb4_0900_ai_ci;
/*!40101 SET character_set_client = @saved_cs_client */;

--
-- Dumping data for table `product_price_history`
--

LOCK TABLES `product_price_history` WRITE;
/*!40000 ALTER TABLE `product_price_history` DISABLE KEYS */;
/*!40000 ALTER TABLE `product_price_history` ENABLE KEYS */;
UNLOCK TABLES;

--
-- Table structure for table `products`
--

DROP TABLE IF EXISTS `products`;
/*!40101 SET @saved_cs_client     = @@character_set_client */;
/*!50503 SET character_set_client = utf8mb4 */;
CREATE TABLE `products` (
  `sku` varchar(50) NOT NULL,
  `name` varchar(50) DEFAULT NULL,
  `category` varchar(255) NOT NULL,
  `category_id` int unsigned DEFAULT NULL,
  `purchase_price` decimal(7,2) DEFAULT NULL,
  `sale_price` decimal(7,2) DEFAULT NULL,
  `stock` int DEFAULT NULL,
  PRIMARY KEY (`sku`),
  KEY `fk_products_category` (`category_id`),
  KEY `idx_product_name` (`name`) COMMENT '–£—Å–∫–æ—Ä—è–µ—Ç –ø–æ–∏—Å–∫ —Ç–æ–≤–∞—Ä–æ–≤ –ø–æ –Ω–∞–∑–≤–∞–Ω–∏—é',
  CONSTRAINT `fk_products_category` FOREIGN KEY (`category_id`) REFERENCES `categories` (`category_id`) ON DELETE SET NULL ON UPDATE CASCADE
) ENGINE=InnoDB DEFAULT CHARSET=utf8mb4 COLLATE=utf8mb4_0900_ai_ci;
/*!40101 SET character_set_client = @saved_cs_client */;

--
-- Dumping data for table `products`
--

LOCK TABLES `products` WRITE;
/*!40000 ALTER TABLE `products` DISABLE KEYS */;
INSERT INTO `products` VALUES ('SKU_001','Cement #100','Paints',NULL,460.34,699.99,NULL),('SKU_002','Hammer #101','Tools',NULL,853.12,461.77,NULL),('SKU_003','Gravel #102','Fasteners',NULL,139.07,886.93,NULL),('SKU_004','Drill #103','Tools',NULL,166.71,864.98,NULL),('SKU_005','Screwdriver #104','Tools',NULL,214.73,756.19,NULL),('SKU_006','Bricks #105','Paints',NULL,518.46,193.20,NULL),('SKU_007','Sand #106','Tools',NULL,618.69,361.05,NULL),('SKU_008','Cement #107','Tools',NULL,718.20,805.26,NULL),('SKU_009','Bricks #108','Paints',NULL,275.44,476.21,NULL),('SKU_010','Paint #109','Fasteners',NULL,218.66,1004.34,NULL),('SKU_011','Paint #110','Fasteners',NULL,391.44,419.64,NULL),('SKU_012','Sand #111','Tools',NULL,285.34,627.82,NULL),('SKU_013','Cement #112','Tools',NULL,246.67,162.55,NULL),('SKU_014','Screwdriver #113','Materials',NULL,182.00,470.60,NULL),('SKU_015','Paint #114','Materials',NULL,957.90,422.33,NULL),('SKU_016','Bricks #115','Paints',NULL,599.85,424.06,NULL),('SKU_017','Drill #116','Fasteners',NULL,976.24,786.87,NULL),('SKU_018','Cement #117','Fasteners',NULL,345.40,867.23,NULL),('SKU_019','Paint #118','Materials',NULL,586.71,743.81,NULL),('SKU_020','Sand #119','Materials',NULL,921.78,211.88,NULL),('SKU_021','Drill #120','Fasteners',NULL,559.89,664.52,NULL),('SKU_022','Drill #121','Materials',NULL,966.30,257.30,NULL),('SKU_023','Bricks #122','Materials',NULL,658.31,903.39,NULL),('SKU_024','Screwdriver #123','Fasteners',NULL,599.39,585.11,NULL),('SKU_025','Hammer #124','Materials',NULL,583.83,733.64,NULL),('SKU_026','Drill #125','Tools',NULL,307.37,673.18,NULL),('SKU_027','Sand #126','Materials',NULL,869.53,879.54,NULL),('SKU_028','Bricks #127','Fasteners',NULL,113.19,970.58,NULL),('SKU_029','Hammer #128','Paints',NULL,256.36,218.16,NULL),('SKU_030','Paint #129','Tools',NULL,143.44,1026.62,NULL),('SKU_031','Drill #130','Tools',NULL,950.16,299.30,NULL),('SKU_032','Gravel #131','Tools',NULL,969.65,846.10,NULL),('SKU_033','Nails #132','Tools',NULL,246.40,676.92,NULL),('SKU_034','Saw #133','Fasteners',NULL,507.58,1041.39,NULL),('SKU_035','Sand #134','Paints',NULL,210.59,1032.56,NULL),('SKU_036','Cement #135','Tools',NULL,749.32,924.62,NULL),('SKU_037','Saw #136','Materials',NULL,245.04,195.38,NULL),('SKU_038','Paint #137','Paints',NULL,529.94,662.55,NULL),('SKU_039','Bricks #138','Paints',NULL,314.27,1094.67,NULL),('SKU_040','Hammer #139','Tools',NULL,764.22,426.88,NULL),('SKU_041','Bricks #140','Tools',NULL,609.39,262.25,NULL),('SKU_042','Nails #141','Paints',NULL,849.79,969.28,NULL),('SKU_043','Paint #142','Materials',NULL,549.13,500.94,NULL),('SKU_044','Bricks #143','Fasteners',NULL,431.36,907.46,NULL),('SKU_045','Bricks #144','Paints',NULL,577.21,414.71,NULL),('SKU_046','Sand #145','Paints',NULL,684.05,844.95,NULL),('SKU_047','Sand #146','Materials',NULL,945.29,559.05,NULL),('SKU_048','Cement #147','Materials',NULL,756.85,352.25,NULL),('SKU_049','Hammer #148','Tools',NULL,668.53,448.95,NULL),('SKU_050','Hammer #149','Tools',NULL,995.70,590.80,NULL),('SKU_051','Hammer #150','Paints',NULL,155.81,649.49,NULL),('SKU_052','Bricks #151','Materials',NULL,362.77,764.17,NULL),('SKU_053','Cement #152','Materials',NULL,708.01,987.47,NULL),('SKU_054','Cement #153','Fasteners',NULL,994.43,267.87,NULL),('SKU_055','Nails #154','Tools',NULL,693.32,777.80,NULL),('SKU_056','Saw #155','Paints',NULL,533.88,724.45,NULL),('SKU_057','Nails #156','Tools',NULL,865.03,615.91,NULL),('SKU_058','Paint #157','Tools',NULL,883.58,1005.27,NULL),('SKU_059','Cement #158','Paints',NULL,461.86,866.44,NULL),('SKU_060','Paint #159','Materials',NULL,727.67,554.22,NULL),('SKU_061','Cement #160','Tools',NULL,370.32,721.71,NULL),('SKU_062','Screwdriver #161','Fasteners',NULL,833.53,433.31,NULL),('SKU_063','Bricks #162','Paints',NULL,301.89,916.52,NULL),('SKU_064','Bricks #163','Materials',NULL,958.56,321.62,NULL),('SKU_065','Paint #164','Paints',NULL,500.40,1026.73,NULL),('SKU_066','Paint #165','Paints',NULL,276.36,1068.99,NULL),('SKU_067','Cement #166','Fasteners',NULL,282.62,474.02,NULL),('SKU_068','Nails #167','Paints',NULL,591.71,422.62,NULL),('SKU_069','Hammer #168','Tools',NULL,868.83,674.13,NULL),('SKU_070','Paint #169','Materials',NULL,399.96,740.38,NULL),('SKU_071','Paint #170','Materials',NULL,322.75,417.83,NULL),('SKU_072','Paint #171','Materials',NULL,248.80,396.55,NULL),('SKU_073','Sand #172','Tools',NULL,494.76,1001.76,NULL),('SKU_074','Sand #173','Tools',NULL,542.46,872.87,NULL),('SKU_075','Paint #174','Paints',NULL,429.73,287.28,NULL),('SKU_076','Paint #175','Fasteners',NULL,773.90,725.10,NULL),('SKU_077','Bricks #176','Tools',NULL,254.87,330.80,NULL),('SKU_078','Drill #177','Fasteners',NULL,520.68,219.31,NULL),('SKU_079','Paint #178','Fasteners',NULL,739.84,485.24,NULL),('SKU_080','Screwdriver #179','Materials',NULL,109.26,363.57,NULL),('SKU_081','Cement #180','Paints',NULL,787.44,324.64,NULL),('SKU_082','Cement #181','Fasteners',NULL,895.15,887.74,NULL),('SKU_083','Cement #182','Tools',NULL,344.53,762.24,NULL),('SKU_084','Sand #183','Materials',NULL,952.37,826.97,NULL),('SKU_085','Nails #184','Materials',NULL,632.35,612.13,NULL),('SKU_086','Saw #185','Materials',NULL,577.10,344.04,NULL),('SKU_087','Saw #186','Paints',NULL,254.85,883.00,NULL),('SKU_088','Cement #187','Materials',NULL,265.10,481.28,NULL),('SKU_089','Nails #188','Materials',NULL,304.41,872.11,NULL),('SKU_090','Hammer #189','Fasteners',NULL,727.84,980.03,NULL),('SKU_091','Gravel #190','Fasteners',NULL,666.07,495.26,NULL),('SKU_092','Nails #191','Paints',NULL,744.35,607.50,NULL),('SKU_093','Hammer #192','Fasteners',NULL,548.87,304.98,NULL),('SKU_094','Cement #193','Paints',NULL,268.31,213.22,NULL),('SKU_095','Sand #194','Paints',NULL,784.39,1033.37,NULL),('SKU_096','Bricks #195','Materials',NULL,128.80,981.78,NULL),('SKU_097','Hammer #196','Paints',NULL,474.47,663.52,NULL),('SKU_098','Bricks #197','Tools',NULL,751.17,641.96,NULL),('SKU_099','Paint #198','Paints',NULL,225.48,342.77,NULL),('SKU_100','Gravel #199','Fasteners',NULL,637.15,180.25,NULL);
/*!40000 ALTER TABLE `products` ENABLE KEYS */;
UNLOCK TABLES;
/*!50003 SET @saved_cs_client      = @@character_set_client */ ;
/*!50003 SET @saved_cs_results     = @@character_set_results */ ;
/*!50003 SET @saved_col_connection = @@collation_connection */ ;
/*!50003 SET character_set_client  = cp866 */ ;
/*!50003 SET character_set_results = cp866 */ ;
/*!50003 SET collation_connection  = cp866_general_ci */ ;
/*!50003 SET @saved_sql_mode       = @@sql_mode */ ;
/*!50003 SET sql_mode              = 'ONLY_FULL_GROUP_BY,STRICT_TRANS_TABLES,NO_ZERO_IN_DATE,NO_ZERO_DATE,ERROR_FOR_DIVISION_BY_ZERO,NO_ENGINE_SUBSTITUTION' */ ;
DELIMITER ;;
/*!50003 CREATE*/ /*!50017 DEFINER=`root`@`localhost`*/ /*!50003 TRIGGER `trg_log_price_change` BEFORE UPDATE ON `products` FOR EACH ROW BEGIN
    IF OLD.sale_price <> NEW.sale_price THEN
        INSERT INTO product_price_history (sku, old_price, new_price)
        VALUES (OLD.sku, OLD.sale_price, NEW.sale_price);
    END IF;
END */;;
DELIMITER ;
/*!50003 SET sql_mode              = @saved_sql_mode */ ;
/*!50003 SET character_set_client  = @saved_cs_client */ ;
/*!50003 SET character_set_results = @saved_cs_results */ ;
/*!50003 SET collation_connection  = @saved_col_connection */ ;

--
-- Table structure for table `purchase_item`
--

DROP TABLE IF EXISTS `purchase_item`;
/*!40101 SET @saved_cs_client     = @@character_set_client */;
/*!50503 SET character_set_client = utf8mb4 */;
CREATE TABLE `purchase_item` (
  `item_id` int unsigned NOT NULL AUTO_INCREMENT,
  `purchase_id` int unsigned DEFAULT NULL,
  `sku` varchar(50) DEFAULT NULL,
  `quantity` int DEFAULT NULL,
  `sale_price` decimal(6,2) DEFAULT NULL,
  `discount_id` int unsigned DEFAULT NULL,
  PRIMARY KEY (`item_id`),
  KEY `fk_purchase_records` (`purchase_id`) COMMENT '–°–≤—è–∑—ã–≤–∞–µ—Ç –ø–æ–∑–∏—Ü–∏–∏ —á–µ–∫–∞ —Å –æ–±—â–µ–π –∑–∞–ø–∏—Å—å—é –ø–æ–∫—É–ø–∫–∏',
  KEY `fk_discount` (`discount_id`),
  KEY `fk_products` (`sku`),
  CONSTRAINT `fk_discount` FOREIGN KEY (`discount_id`) REFERENCES `discount` (`discount_id`) ON DELETE SET NULL ON UPDATE CASCADE,
  CONSTRAINT `fk_products` FOREIGN KEY (`sku`) REFERENCES `products` (`sku`),
  CONSTRAINT `fk_purchase_records` FOREIGN KEY (`purchase_id`) REFERENCES `purchase_records` (`purchase_id`) ON DELETE SET NULL ON UPDATE CASCADE
) ENGINE=InnoDB AUTO_INCREMENT=2392 DEFAULT CHARSET=utf8mb4 COLLATE=utf8mb4_0900_ai_ci;
/*!40101 SET character_set_client = @saved_cs_client */;

--
-- Dumping data for table `purchase_item`
--

LOCK TABLES `purchase_item` WRITE;
/*!40000 ALTER TABLE `purchase_item` DISABLE KEYS */;
INSERT INTO `purchase_item` VALUES (1796,926,'SKU_027',1,919.07,NULL),(1797,926,'SKU_091',3,508.94,NULL),(1798,926,'SKU_094',3,214.02,NULL),(1799,926,'SKU_003',1,962.02,NULL),(1800,926,'SKU_045',2,439.65,NULL),(1801,927,'SKU_089',1,893.82,NULL),(1802,927,'SKU_095',3,1103.19,NULL),(1803,927,'SKU_085',2,629.73,NULL),(1804,928,'SKU_028',1,1024.75,NULL),(1805,929,'SKU_035',1,1098.61,NULL),(1806,929,'SKU_061',1,717.26,NULL),(1807,930,'SKU_040',3,461.33,NULL),(1808,930,'SKU_050',3,621.18,NULL),(1809,931,'SKU_077',1,333.79,NULL),(1810,931,'SKU_035',1,1068.49,NULL),(1811,932,'SKU_039',1,1179.14,NULL),(1812,932,'SKU_056',2,780.66,NULL),(1813,932,'SKU_037',1,210.81,NULL),(1814,932,'SKU_061',3,747.63,NULL),(1815,932,'SKU_018',2,890.31,NULL),(1816,933,'SKU_027',2,918.92,NULL),(1817,933,'SKU_021',1,677.58,NULL),(1818,934,'SKU_016',1,434.24,NULL),(1819,934,'SKU_020',2,210.52,NULL),(1820,934,'SKU_028',1,981.56,NULL),(1821,935,'SKU_075',1,304.87,NULL),(1822,935,'SKU_093',2,329.60,NULL),(1823,935,'SKU_052',3,797.06,NULL),(1824,935,'SKU_093',1,305.56,NULL),(1825,936,'SKU_023',1,913.60,NULL),(1826,937,'SKU_006',3,199.09,NULL),(1827,938,'SKU_001',1,708.56,NULL),(1828,938,'SKU_092',3,611.32,NULL),(1829,938,'SKU_081',2,322.99,NULL),(1830,938,'SKU_021',2,675.74,NULL),(1831,939,'SKU_072',2,403.72,NULL),(1832,940,'SKU_090',3,1044.65,NULL),(1833,940,'SKU_016',2,437.14,NULL),(1834,940,'SKU_036',3,924.92,NULL),(1835,941,'SKU_014',1,469.45,NULL),(1836,941,'SKU_032',3,882.34,NULL),(1837,941,'SKU_085',3,610.05,NULL),(1838,942,'SKU_036',2,932.99,NULL),(1839,943,'SKU_044',3,914.77,NULL),(1840,943,'SKU_017',1,852.30,NULL),(1841,943,'SKU_076',2,722.86,NULL),(1842,944,'SKU_039',1,1091.24,NULL),(1843,944,'SKU_053',3,1072.92,NULL),(1844,945,'SKU_097',1,685.92,NULL),(1845,945,'SKU_022',2,259.60,NULL),(1846,945,'SKU_022',2,258.19,NULL),(1847,945,'SKU_089',2,915.99,NULL),(1848,946,'SKU_054',2,285.18,NULL),(1849,946,'SKU_095',3,1083.39,NULL),(1850,946,'SKU_004',1,866.82,NULL),(1851,946,'SKU_028',3,1012.71,NULL),(1852,947,'SKU_006',1,203.82,NULL),(1853,947,'SKU_061',2,720.39,NULL),(1854,947,'SKU_006',2,203.84,NULL),(1855,948,'SKU_062',2,449.21,NULL),(1856,948,'SKU_098',3,645.58,NULL),(1857,948,'SKU_096',2,992.93,NULL),(1858,949,'SKU_007',2,384.91,NULL),(1859,950,'SKU_066',3,1124.40,NULL),(1860,951,'SKU_088',1,520.55,NULL),(1861,951,'SKU_058',1,1031.48,NULL),(1862,952,'SKU_023',1,968.57,NULL),(1863,952,'SKU_080',2,394.53,NULL),(1864,952,'SKU_074',2,915.27,NULL),(1865,953,'SKU_065',1,1063.10,NULL),(1866,954,'SKU_028',1,1057.80,NULL),(1867,954,'SKU_055',2,819.18,NULL),(1868,955,'SKU_023',2,977.49,NULL),(1869,955,'SKU_017',1,851.91,NULL),(1870,955,'SKU_057',1,627.98,NULL),(1871,956,'SKU_027',2,915.71,NULL),(1872,956,'SKU_071',1,427.40,NULL),(1873,956,'SKU_057',3,636.97,NULL),(1874,956,'SKU_064',1,335.68,NULL),(1875,957,'SKU_068',2,454.53,NULL),(1876,958,'SKU_054',1,271.25,NULL),(1877,958,'SKU_095',2,1105.48,NULL),(1878,958,'SKU_001',2,716.29,NULL),(1879,958,'SKU_071',1,446.45,NULL),(1880,959,'SKU_057',2,666.75,NULL),(1881,959,'SKU_078',2,230.16,NULL),(1882,960,'SKU_014',3,466.02,NULL),(1883,960,'SKU_031',3,314.63,NULL),(1884,960,'SKU_001',3,729.95,NULL),(1885,961,'SKU_010',2,1087.71,NULL),(1886,961,'SKU_054',2,266.86,NULL),(1887,961,'SKU_070',3,739.54,NULL),(1888,961,'SKU_072',1,410.90,NULL),(1889,962,'SKU_004',1,929.48,NULL),(1890,962,'SKU_083',1,821.43,NULL),(1891,962,'SKU_081',1,338.96,NULL),(1892,962,'SKU_096',3,981.48,NULL),(1893,963,'SKU_029',1,237.73,NULL),(1894,963,'SKU_081',1,341.48,NULL),(1895,963,'SKU_048',2,377.65,NULL),(1896,964,'SKU_041',3,283.64,NULL),(1897,965,'SKU_015',3,421.48,NULL),(1898,965,'SKU_021',2,690.20,NULL),(1899,966,'SKU_048',3,373.94,NULL),(1900,966,'SKU_029',3,224.14,NULL),(1901,966,'SKU_096',3,1053.24,NULL),(1902,966,'SKU_090',3,1029.13,NULL),(1903,967,'SKU_040',2,463.54,NULL),(1904,968,'SKU_056',2,724.83,NULL),(1905,968,'SKU_027',3,920.84,NULL),(1906,968,'SKU_095',1,1057.89,NULL),(1907,969,'SKU_096',3,1017.85,NULL),(1908,970,'SKU_030',1,1096.81,NULL),(1909,970,'SKU_041',3,275.75,NULL),(1910,970,'SKU_015',2,439.93,NULL),(1911,970,'SKU_093',2,327.39,NULL),(1912,971,'SKU_017',3,819.50,NULL),(1913,971,'SKU_095',2,1025.66,NULL),(1914,971,'SKU_032',3,885.82,NULL),(1915,971,'SKU_082',3,909.59,NULL),(1916,972,'SKU_100',2,185.29,NULL),(1917,972,'SKU_097',3,686.02,NULL),(1918,972,'SKU_073',2,1084.23,NULL),(1919,973,'SKU_003',2,964.39,NULL),(1920,974,'SKU_038',3,697.47,NULL),(1921,974,'SKU_067',1,473.78,NULL),(1922,974,'SKU_045',1,435.44,NULL),(1923,974,'SKU_019',3,744.78,NULL),(1924,975,'SKU_007',1,360.48,NULL),(1925,976,'SKU_084',2,863.73,NULL),(1926,976,'SKU_004',3,907.71,NULL),(1927,976,'SKU_002',1,489.82,NULL),(1928,977,'SKU_063',3,918.39,NULL),(1929,977,'SKU_006',3,203.77,NULL),(1930,977,'SKU_034',3,1073.10,NULL),(1931,978,'SKU_085',3,615.56,NULL),(1932,978,'SKU_004',2,932.46,NULL),(1933,978,'SKU_055',2,791.42,NULL),(1934,979,'SKU_068',3,435.64,NULL),(1935,979,'SKU_040',2,452.03,NULL),(1936,979,'SKU_064',1,337.34,NULL),(1937,980,'SKU_007',3,392.97,NULL),(1938,980,'SKU_036',2,927.80,NULL),(1939,981,'SKU_077',3,328.40,NULL),(1940,981,'SKU_048',2,351.11,NULL),(1941,982,'SKU_075',1,303.44,NULL),(1942,982,'SKU_037',1,210.73,NULL),(1943,983,'SKU_006',3,203.40,NULL),(1944,983,'SKU_068',3,460.06,NULL),(1945,983,'SKU_055',3,774.53,NULL),(1946,984,'SKU_055',1,822.58,NULL),(1947,984,'SKU_066',3,1152.21,NULL),(1948,984,'SKU_097',2,698.13,NULL),(1949,985,'SKU_029',1,224.57,NULL),(1950,985,'SKU_071',3,428.67,NULL),(1951,985,'SKU_076',2,724.10,NULL),(1952,985,'SKU_087',3,927.09,NULL),(1953,986,'SKU_073',2,1059.97,NULL),(1954,986,'SKU_044',1,905.97,NULL),(1955,987,'SKU_039',3,1087.48,NULL),(1956,987,'SKU_062',1,463.27,NULL),(1957,988,'SKU_098',1,651.38,NULL),(1958,988,'SKU_060',1,591.16,NULL),(1959,988,'SKU_093',1,323.35,NULL),(1960,988,'SKU_086',2,353.21,NULL),(1961,989,'SKU_053',3,1012.15,NULL),(1962,989,'SKU_064',3,340.58,NULL),(1963,990,'SKU_030',1,1063.03,NULL),(1964,990,'SKU_098',2,690.36,NULL),(1965,991,'SKU_010',1,1079.47,NULL),(1966,991,'SKU_090',1,1023.05,NULL),(1967,991,'SKU_033',1,735.73,NULL),(1968,992,'SKU_021',1,668.93,NULL),(1969,993,'SKU_094',3,212.79,NULL),(1970,993,'SKU_022',2,276.32,NULL),(1971,993,'SKU_008',2,876.58,NULL),(1972,994,'SKU_097',2,674.63,NULL),(1973,994,'SKU_058',2,1076.04,NULL),(1974,994,'SKU_024',2,602.45,NULL),(1975,995,'SKU_095',3,1089.66,NULL),(1976,995,'SKU_012',1,682.21,NULL),(1977,995,'SKU_042',1,959.96,NULL),(1978,995,'SKU_054',2,270.71,NULL),(1979,996,'SKU_032',3,839.53,NULL),(1980,997,'SKU_040',1,457.16,NULL),(1981,997,'SKU_066',1,1105.41,NULL),(1982,997,'SKU_066',3,1061.02,NULL),(1983,997,'SKU_097',2,677.77,NULL),(1984,998,'SKU_079',3,512.37,NULL),(1985,998,'SKU_003',1,956.43,NULL),(1986,999,'SKU_062',3,436.13,NULL),(1987,999,'SKU_058',1,1041.41,NULL),(1988,1000,'SKU_029',2,237.68,NULL),(1989,1000,'SKU_095',3,1091.54,NULL),(1990,1000,'SKU_023',1,947.47,NULL),(1991,1001,'SKU_049',2,487.53,NULL),(1992,1001,'SKU_069',1,718.07,NULL),(1993,1001,'SKU_025',2,754.60,NULL),(1994,1002,'SKU_013',1,162.12,NULL),(1995,1003,'SKU_031',3,296.55,NULL),(1996,1004,'SKU_049',2,476.51,NULL),(1997,1004,'SKU_066',2,1092.36,NULL),(1998,1004,'SKU_032',2,889.85,NULL),(1999,1004,'SKU_049',3,460.09,NULL),(2000,1004,'SKU_058',2,1008.80,NULL),(2001,1005,'SKU_083',3,805.04,NULL),(2002,1005,'SKU_035',3,1023.74,NULL),(2003,1005,'SKU_079',3,486.41,NULL),(2004,1006,'SKU_079',3,497.90,NULL),(2005,1007,'SKU_055',2,774.98,NULL),(2006,1007,'SKU_094',1,213.34,NULL),(2007,1007,'SKU_062',3,432.39,NULL),(2008,1007,'SKU_053',2,980.44,NULL),(2009,1007,'SKU_080',1,378.46,NULL),(2010,1008,'SKU_048',1,378.62,NULL),(2011,1008,'SKU_054',3,270.29,NULL),(2012,1009,'SKU_040',3,445.67,NULL),(2013,1009,'SKU_016',2,435.96,NULL),(2014,1010,'SKU_026',3,726.21,NULL),(2015,1011,'SKU_054',1,266.28,NULL),(2016,1011,'SKU_070',1,760.64,NULL),(2017,1012,'SKU_094',2,222.70,NULL),(2018,1013,'SKU_020',2,213.12,NULL),(2019,1014,'SKU_028',2,1012.53,NULL),(2020,1014,'SKU_080',3,393.23,NULL),(2021,1014,'SKU_056',1,758.73,NULL),(2022,1015,'SKU_083',1,807.04,NULL),(2023,1015,'SKU_053',2,990.47,NULL),(2024,1015,'SKU_094',2,224.38,NULL),(2025,1016,'SKU_054',2,274.07,NULL),(2026,1017,'SKU_023',2,936.50,NULL),(2027,1017,'SKU_008',1,869.76,NULL),(2028,1017,'SKU_045',3,442.77,NULL),(2029,1017,'SKU_042',2,1016.79,NULL),(2030,1018,'SKU_059',2,931.69,NULL),(2031,1018,'SKU_010',1,1080.92,NULL),(2032,1018,'SKU_009',1,504.24,NULL),(2033,1019,'SKU_063',2,971.00,NULL),(2034,1020,'SKU_018',1,917.07,NULL),(2035,1020,'SKU_029',1,226.98,NULL),(2036,1021,'SKU_044',2,918.53,NULL),(2037,1021,'SKU_004',1,925.00,NULL),(2038,1022,'SKU_054',1,267.42,NULL),(2039,1023,'SKU_098',2,688.88,NULL),(2040,1023,'SKU_034',3,1076.31,NULL),(2041,1023,'SKU_041',1,274.28,NULL),(2042,1024,'SKU_031',1,323.96,NULL),(2043,1024,'SKU_094',2,221.63,NULL),(2044,1025,'SKU_068',1,454.11,NULL),(2045,1025,'SKU_014',3,492.84,NULL),(2046,1025,'SKU_099',2,367.98,NULL),(2047,1026,'SKU_092',2,609.51,NULL),(2048,1026,'SKU_003',3,912.62,NULL),(2049,1026,'SKU_082',3,960.25,NULL),(2050,1027,'SKU_075',2,289.72,NULL),(2051,1027,'SKU_020',2,218.13,NULL),(2052,1027,'SKU_040',2,425.39,NULL),(2053,1027,'SKU_098',2,663.61,NULL),(2054,1028,'SKU_030',2,1079.96,NULL),(2055,1028,'SKU_020',1,228.60,NULL),(2056,1029,'SKU_011',1,442.95,NULL),(2057,1030,'SKU_003',1,966.57,NULL),(2058,1030,'SKU_028',2,1050.24,NULL),(2059,1031,'SKU_022',1,276.03,NULL),(2060,1032,'SKU_090',1,991.78,NULL),(2061,1032,'SKU_059',2,896.74,NULL),(2062,1032,'SKU_078',1,223.31,NULL),(2063,1033,'SKU_003',3,919.86,NULL),(2064,1033,'SKU_087',1,959.23,NULL),(2065,1034,'SKU_049',2,453.75,NULL),(2066,1034,'SKU_016',1,452.15,NULL),(2067,1034,'SKU_052',1,758.00,NULL),(2068,1035,'SKU_072',3,415.77,NULL),(2069,1035,'SKU_098',1,692.81,NULL),(2070,1035,'SKU_082',3,947.84,NULL),(2071,1035,'SKU_016',3,431.52,NULL),(2072,1036,'SKU_063',1,960.80,NULL),(2073,1036,'SKU_060',2,578.53,NULL),(2074,1036,'SKU_028',1,999.40,NULL),(2075,1037,'SKU_081',1,325.07,NULL),(2076,1037,'SKU_014',2,485.76,NULL),(2077,1037,'SKU_015',3,429.39,NULL),(2078,1037,'SKU_047',2,595.70,NULL),(2079,1038,'SKU_029',2,220.17,NULL),(2080,1038,'SKU_052',1,787.14,NULL),(2081,1039,'SKU_059',1,940.23,NULL),(2082,1039,'SKU_072',3,417.03,NULL),(2083,1039,'SKU_025',3,797.08,NULL),(2084,1039,'SKU_025',2,742.40,NULL),(2085,1039,'SKU_082',3,932.11,NULL),(2086,1040,'SKU_014',1,510.38,NULL),(2087,1040,'SKU_056',3,747.91,NULL),(2088,1040,'SKU_012',3,630.92,NULL),(2089,1040,'SKU_012',2,659.50,NULL),(2090,1041,'SKU_073',1,992.58,NULL),(2091,1041,'SKU_045',1,436.35,NULL),(2092,1041,'SKU_032',1,914.18,NULL),(2093,1041,'SKU_035',1,1037.30,NULL),(2094,1042,'SKU_016',3,419.84,NULL),(2095,1042,'SKU_078',3,233.07,NULL),(2096,1042,'SKU_034',1,1049.07,NULL),(2097,1043,'SKU_004',2,914.13,NULL),(2098,1044,'SKU_068',2,437.34,NULL),(2099,1045,'SKU_071',2,454.14,NULL),(2100,1045,'SKU_021',1,682.87,NULL),(2101,1046,'SKU_023',2,950.45,NULL),(2102,1046,'SKU_008',3,817.13,NULL),(2103,1047,'SKU_018',3,891.22,NULL),(2104,1047,'SKU_058',2,1015.45,NULL),(2105,1048,'SKU_023',3,982.42,NULL),(2106,1048,'SKU_096',1,1054.88,NULL),(2107,1048,'SKU_010',1,998.66,NULL),(2108,1048,'SKU_061',3,757.89,NULL),(2109,1049,'SKU_041',2,272.89,NULL),(2110,1049,'SKU_001',3,709.43,NULL),(2111,1049,'SKU_044',3,944.63,NULL),(2112,1050,'SKU_059',2,924.26,NULL),(2113,1050,'SKU_054',2,270.24,NULL),(2114,1051,'SKU_019',1,743.50,NULL),(2115,1051,'SKU_062',2,437.17,NULL),(2116,1051,'SKU_073',3,1091.32,NULL),(2117,1051,'SKU_072',1,404.68,NULL),(2118,1052,'SKU_067',2,515.28,NULL),(2119,1052,'SKU_053',2,1059.77,NULL),(2120,1052,'SKU_018',3,870.59,NULL),(2121,1052,'SKU_023',3,903.53,NULL),(2122,1053,'SKU_073',2,1002.42,NULL),(2123,1053,'SKU_091',2,539.28,NULL),(2124,1053,'SKU_009',3,485.32,NULL),(2125,1054,'SKU_090',1,1066.45,NULL),(2126,1055,'SKU_084',2,885.49,NULL),(2127,1055,'SKU_048',1,370.63,NULL),(2128,1055,'SKU_060',1,577.70,NULL),(2129,1055,'SKU_098',2,683.39,NULL),(2130,1056,'SKU_031',3,315.49,NULL),(2131,1056,'SKU_039',3,1154.91,NULL),(2132,1056,'SKU_061',2,761.02,NULL),(2133,1056,'SKU_011',3,419.87,NULL),(2134,1056,'SKU_094',3,213.66,NULL),(2135,1057,'SKU_091',3,496.84,NULL),(2136,1057,'SKU_089',3,942.51,NULL),(2137,1058,'SKU_049',1,481.69,NULL),(2138,1058,'SKU_069',1,695.98,NULL),(2139,1059,'SKU_030',3,1088.42,NULL),(2140,1059,'SKU_033',1,683.27,NULL),(2141,1059,'SKU_098',3,661.80,NULL),(2142,1060,'SKU_017',2,797.10,NULL),(2143,1060,'SKU_041',2,284.60,NULL),(2144,1060,'SKU_079',3,522.32,NULL),(2145,1061,'SKU_072',2,396.85,NULL),(2146,1061,'SKU_067',3,503.05,NULL),(2147,1061,'SKU_084',3,833.52,NULL),(2148,1061,'SKU_072',3,412.80,NULL),(2149,1062,'SKU_045',2,412.31,NULL),(2150,1062,'SKU_016',3,428.59,NULL),(2151,1062,'SKU_068',2,431.61,NULL),(2152,1062,'SKU_089',2,949.94,NULL),(2153,1063,'SKU_019',3,796.36,NULL),(2154,1063,'SKU_074',2,935.78,NULL),(2155,1064,'SKU_024',3,628.84,NULL),(2156,1064,'SKU_037',2,194.19,NULL),(2157,1065,'SKU_090',3,996.49,NULL),(2158,1065,'SKU_098',3,678.35,NULL),(2159,1065,'SKU_096',3,1042.61,NULL),(2160,1066,'SKU_046',1,862.69,NULL),(2161,1067,'SKU_066',1,1115.31,NULL),(2162,1067,'SKU_066',1,1114.43,NULL),(2163,1068,'SKU_015',1,434.74,NULL),(2164,1068,'SKU_049',1,459.24,NULL),(2165,1068,'SKU_020',3,218.40,NULL),(2166,1069,'SKU_012',2,641.98,NULL),(2167,1069,'SKU_036',2,947.36,NULL),(2168,1069,'SKU_026',1,695.43,NULL),(2169,1070,'SKU_013',2,170.95,NULL),(2170,1070,'SKU_014',2,467.96,NULL),(2171,1070,'SKU_004',2,881.41,NULL),(2172,1070,'SKU_082',1,958.49,NULL),(2173,1070,'SKU_031',1,301.07,NULL),(2174,1071,'SKU_090',3,1045.70,NULL),(2175,1071,'SKU_082',3,907.41,NULL),(2176,1071,'SKU_027',3,918.21,NULL),(2177,1072,'SKU_035',1,1070.59,NULL),(2178,1072,'SKU_016',1,439.42,NULL),(2179,1072,'SKU_077',3,357.87,NULL),(2180,1072,'SKU_007',3,374.93,NULL),(2181,1073,'SKU_085',3,663.34,NULL),(2182,1073,'SKU_031',3,324.56,NULL),(2183,1074,'SKU_092',1,611.87,NULL),(2184,1074,'SKU_074',3,929.97,NULL),(2185,1074,'SKU_093',3,311.97,NULL),(2186,1074,'SKU_031',2,314.77,NULL),(2187,1075,'SKU_031',1,324.58,NULL),(2188,1075,'SKU_087',3,954.33,NULL),(2189,1075,'SKU_074',3,903.66,NULL),(2190,1076,'SKU_024',3,621.67,NULL),(2191,1076,'SKU_059',1,930.74,NULL),(2192,1077,'SKU_021',1,684.89,NULL),(2193,1077,'SKU_071',2,425.75,NULL),(2194,1077,'SKU_035',2,1057.25,NULL),(2195,1078,'SKU_019',3,746.69,NULL),(2196,1078,'SKU_011',1,426.57,NULL),(2197,1079,'SKU_076',2,738.23,NULL),(2198,1079,'SKU_039',3,1147.86,NULL),(2199,1080,'SKU_064',2,346.40,NULL),(2200,1080,'SKU_077',3,360.43,NULL),(2201,1081,'SKU_032',1,911.49,NULL),(2202,1081,'SKU_033',3,670.86,NULL),(2203,1081,'SKU_009',2,509.66,NULL),(2204,1081,'SKU_073',1,1011.18,NULL),(2205,1081,'SKU_029',3,237.42,NULL),(2206,1082,'SKU_096',1,1021.30,NULL),(2207,1082,'SKU_070',2,735.71,NULL),(2208,1083,'SKU_091',2,496.39,NULL),(2209,1083,'SKU_045',1,420.53,NULL),(2210,1083,'SKU_008',3,863.55,NULL),(2211,1084,'SKU_069',3,709.80,NULL),(2212,1084,'SKU_032',1,862.35,NULL),(2213,1084,'SKU_045',1,440.77,NULL),(2214,1084,'SKU_038',2,719.72,NULL),(2215,1085,'SKU_014',2,502.80,NULL),(2216,1085,'SKU_095',2,1117.14,NULL),(2217,1086,'SKU_022',2,265.96,NULL),(2218,1086,'SKU_039',3,1191.30,NULL),(2219,1087,'SKU_047',2,566.99,NULL),(2220,1087,'SKU_042',2,995.34,NULL),(2221,1087,'SKU_004',3,936.58,NULL),(2222,1088,'SKU_084',2,841.58,NULL),(2223,1088,'SKU_078',2,217.77,NULL),(2224,1089,'SKU_032',2,895.48,NULL),(2225,1089,'SKU_002',3,462.28,NULL),(2226,1089,'SKU_064',2,323.54,NULL),(2227,1089,'SKU_057',1,664.88,NULL),(2228,1090,'SKU_026',1,691.98,NULL),(2229,1090,'SKU_017',1,786.34,NULL),(2230,1090,'SKU_008',3,857.78,NULL),(2231,1090,'SKU_087',1,954.72,NULL),(2232,1091,'SKU_072',2,406.50,NULL),(2233,1091,'SKU_042',2,964.67,NULL),(2234,1092,'SKU_013',2,172.71,NULL),(2235,1092,'SKU_090',3,1064.30,NULL),(2236,1092,'SKU_036',1,924.38,NULL),(2237,1092,'SKU_021',2,712.24,NULL),(2238,1093,'SKU_083',2,797.57,NULL),(2239,1093,'SKU_068',1,447.87,NULL),(2240,1094,'SKU_045',1,417.60,NULL),(2241,1094,'SKU_083',1,801.44,NULL),(2242,1095,'SKU_078',3,230.86,NULL),(2243,1095,'SKU_024',2,618.17,NULL),(2244,1095,'SKU_018',1,930.57,NULL),(2245,1095,'SKU_056',3,740.19,NULL),(2246,1096,'SKU_031',1,297.16,NULL),(2247,1097,'SKU_014',1,472.01,NULL),(2248,1098,'SKU_077',2,333.41,NULL),(2249,1098,'SKU_093',1,324.86,NULL),(2250,1099,'SKU_059',1,873.76,NULL),(2251,1099,'SKU_008',3,812.76,NULL),(2252,1100,'SKU_005',2,771.41,NULL),(2253,1100,'SKU_054',2,291.09,NULL),(2254,1100,'SKU_083',3,804.60,NULL),(2255,1100,'SKU_057',2,660.76,NULL),(2256,1101,'SKU_081',2,329.14,NULL),(2257,1101,'SKU_005',1,795.48,NULL),(2258,1102,'SKU_014',3,474.54,NULL),(2259,1102,'SKU_083',3,779.17,NULL),(2260,1102,'SKU_001',3,741.28,NULL),(2261,1103,'SKU_037',3,209.74,NULL),(2262,1104,'SKU_056',1,786.79,NULL),(2263,1104,'SKU_043',1,524.53,NULL),(2264,1104,'SKU_074',1,937.73,NULL),(2265,1105,'SKU_014',1,474.86,NULL),(2266,1105,'SKU_040',3,448.87,NULL),(2267,1106,'SKU_046',3,916.03,NULL),(2268,1107,'SKU_048',2,352.30,NULL),(2269,1108,'SKU_092',3,622.24,NULL),(2270,1108,'SKU_073',2,1013.22,NULL),(2271,1109,'SKU_025',3,752.63,NULL),(2272,1109,'SKU_062',2,462.91,NULL),(2273,1109,'SKU_049',2,481.96,NULL),(2274,1110,'SKU_044',1,955.26,NULL),(2275,1110,'SKU_053',1,1035.26,NULL),(2276,1110,'SKU_010',2,1060.72,NULL),(2277,1110,'SKU_021',1,684.77,NULL),(2278,1110,'SKU_001',1,694.25,NULL),(2279,1111,'SKU_098',1,683.11,NULL),(2280,1111,'SKU_079',1,494.17,NULL),(2281,1111,'SKU_073',3,1078.61,NULL),(2282,1112,'SKU_040',2,447.22,NULL),(2283,1112,'SKU_065',2,1036.62,NULL),(2284,1112,'SKU_027',2,914.28,NULL),(2285,1112,'SKU_070',2,780.92,NULL),(2286,1113,'SKU_006',1,205.41,NULL),(2287,1113,'SKU_075',1,305.10,NULL),(2288,1113,'SKU_059',1,929.80,NULL),(2289,1114,'SKU_075',1,289.94,NULL),(2290,1114,'SKU_088',1,486.04,NULL),(2291,1114,'SKU_095',1,1106.40,NULL),(2292,1114,'SKU_092',3,643.01,NULL),(2293,1115,'SKU_049',3,487.30,NULL),(2294,1115,'SKU_044',2,951.76,NULL),(2295,1115,'SKU_077',1,343.07,NULL),(2296,1116,'SKU_023',2,974.81,NULL),(2297,1116,'SKU_009',3,509.93,NULL),(2298,1116,'SKU_078',3,227.00,NULL),(2299,1117,'SKU_002',1,463.71,NULL),(2300,1118,'SKU_032',3,876.66,NULL),(2301,1119,'SKU_029',1,226.77,NULL),(2302,1119,'SKU_015',2,445.95,NULL),(2303,1119,'SKU_052',2,826.33,NULL),(2304,1119,'SKU_047',1,585.45,NULL),(2305,1120,'SKU_061',1,716.30,NULL),(2306,1120,'SKU_038',2,688.39,NULL),(2307,1120,'SKU_031',2,317.89,NULL),(2308,1120,'SKU_054',1,284.73,NULL),(2309,1120,'SKU_082',3,948.85,NULL),(2310,1121,'SKU_056',2,721.03,NULL),(2311,1121,'SKU_092',3,625.16,NULL),(2312,1122,'SKU_058',2,1073.30,NULL),(2313,1122,'SKU_012',1,626.67,NULL),(2314,1122,'SKU_036',2,944.60,NULL),(2315,1122,'SKU_024',3,629.72,NULL),(2316,1123,'SKU_015',1,458.65,NULL),(2317,1123,'SKU_085',3,663.69,NULL),(2318,1123,'SKU_017',1,829.48,NULL),(2319,1124,'SKU_020',2,229.57,NULL),(2320,1124,'SKU_065',1,1021.31,NULL),(2321,1124,'SKU_024',3,599.94,NULL),(2322,1124,'SKU_031',3,314.73,NULL),(2323,1125,'SKU_092',1,637.93,NULL),(2324,1125,'SKU_034',2,1073.64,NULL),(2325,1125,'SKU_048',2,356.27,NULL),(2326,1126,'SKU_045',3,440.50,NULL),(2327,1126,'SKU_096',1,1022.15,NULL),(2328,1127,'SKU_027',1,891.62,NULL),(2329,1127,'SKU_072',2,402.84,NULL),(2330,1127,'SKU_040',2,436.75,NULL),(2331,1128,'SKU_056',3,718.87,NULL),(2332,1128,'SKU_073',1,1090.97,NULL),(2333,1128,'SKU_056',3,739.19,NULL),(2334,1128,'SKU_096',2,996.49,NULL),(2335,1129,'SKU_074',3,892.85,NULL),(2336,1129,'SKU_096',1,1064.65,NULL),(2337,1130,'SKU_079',1,510.13,NULL),(2338,1130,'SKU_047',3,566.16,NULL),(2339,1130,'SKU_017',3,803.22,NULL),(2340,1131,'SKU_092',2,660.47,NULL),(2341,1131,'SKU_087',3,915.21,NULL),(2342,1131,'SKU_033',1,688.17,NULL),(2343,1132,'SKU_017',3,809.14,NULL),(2344,1132,'SKU_003',3,962.05,NULL),(2345,1133,'SKU_020',3,226.83,NULL),(2346,1133,'SKU_033',2,681.80,NULL),(2347,1134,'SKU_045',3,430.90,NULL),(2348,1135,'SKU_035',1,1054.34,NULL),(2349,1136,'SKU_025',2,741.74,NULL),(2350,1136,'SKU_090',2,1027.57,NULL),(2351,1137,'SKU_077',3,333.89,NULL),(2352,1137,'SKU_094',3,215.87,NULL),(2353,1138,'SKU_071',1,443.27,NULL),(2354,1138,'SKU_081',3,338.91,NULL),(2355,1139,'SKU_047',3,583.08,NULL),(2356,1139,'SKU_048',1,362.56,NULL),(2357,1139,'SKU_040',1,427.31,NULL),(2358,1140,'SKU_016',1,461.51,NULL),(2359,1140,'SKU_095',2,1093.98,NULL),(2360,1141,'SKU_098',1,687.87,NULL),(2361,1141,'SKU_069',3,718.79,NULL),(2362,1141,'SKU_058',2,1052.09,NULL),(2363,1142,'SKU_048',1,360.50,NULL),(2364,1143,'SKU_034',1,1079.80,NULL),(2365,1143,'SKU_018',3,929.66,NULL),(2366,1143,'SKU_085',1,630.82,NULL),(2367,1144,'SKU_045',2,432.24,NULL),(2368,1145,'SKU_036',1,934.72,NULL),(2369,1145,'SKU_002',1,471.65,NULL),(2370,1145,'SKU_049',3,471.49,NULL),(2371,1146,'SKU_057',1,617.62,NULL),(2372,1146,'SKU_082',1,907.25,NULL),(2373,1146,'SKU_094',1,217.12,NULL),(2374,1147,'SKU_038',2,700.89,NULL),(2375,1147,'SKU_098',3,657.06,NULL),(2376,1148,'SKU_066',3,1129.74,NULL),(2377,1149,'SKU_058',2,1012.90,NULL),(2378,1149,'SKU_095',3,1069.20,NULL),(2379,1149,'SKU_033',1,670.97,NULL),(2380,1150,'SKU_079',1,515.22,NULL),(2381,1150,'SKU_023',1,967.72,NULL),(2382,1150,'SKU_058',2,1064.63,NULL),(2383,1151,'SKU_099',2,354.47,NULL),(2384,1152,'SKU_031',2,311.29,NULL),(2385,1153,'SKU_066',2,1137.23,NULL),(2386,1154,'SKU_047',3,600.04,NULL),(2387,1154,'SKU_099',3,351.39,NULL),(2388,1154,'SKU_005',3,753.76,NULL),(2389,1154,'SKU_050',2,599.85,NULL),(2390,1155,'SKU_031',2,320.47,NULL),(2391,1155,'SKU_090',1,1031.55,NULL);
/*!40000 ALTER TABLE `purchase_item` ENABLE KEYS */;
UNLOCK TABLES;
/*!50003 SET @saved_cs_client      = @@character_set_client */ ;
/*!50003 SET @saved_cs_results     = @@character_set_results */ ;
/*!50003 SET @saved_col_connection = @@collation_connection */ ;
/*!50003 SET character_set_client  = cp866 */ ;
/*!50003 SET character_set_results = cp866 */ ;
/*!50003 SET collation_connection  = cp866_general_ci */ ;
/*!50003 SET @saved_sql_mode       = @@sql_mode */ ;
/*!50003 SET sql_mode              = 'ONLY_FULL_GROUP_BY,STRICT_TRANS_TABLES,NO_ZERO_IN_DATE,NO_ZERO_DATE,ERROR_FOR_DIVISION_BY_ZERO,NO_ENGINE_SUBSTITUTION' */ ;
DELIMITER ;;
/*!50003 CREATE*/ /*!50017 DEFINER=`root`@`localhost`*/ /*!50003 TRIGGER `trg_prevent_negative_stock` BEFORE INSERT ON `purchase_item` FOR EACH ROW BEGIN
    DECLARE available_stock INT;
    SELECT stock INTO available_stock FROM products WHERE sku = NEW.sku;
    IF available_stock < NEW.quantity THEN
        SIGNAL SQLSTATE '45000' SET MESSAGE_TEXT = 'ç•§Æ·‚†‚ÆÁ≠Æ ‚Æ¢†‡† ≠† ·™´†§•';
    END IF;
END */;;
DELIMITER ;
/*!50003 SET sql_mode              = @saved_sql_mode */ ;
/*!50003 SET character_set_client  = @saved_cs_client */ ;
/*!50003 SET character_set_results = @saved_cs_results */ ;
/*!50003 SET collation_connection  = @saved_col_connection */ ;
/*!50003 SET @saved_cs_client      = @@character_set_client */ ;
/*!50003 SET @saved_cs_results     = @@character_set_results */ ;
/*!50003 SET @saved_col_connection = @@collation_connection */ ;
/*!50003 SET character_set_client  = cp866 */ ;
/*!50003 SET character_set_results = cp866 */ ;
/*!50003 SET collation_connection  = cp866_general_ci */ ;
/*!50003 SET @saved_sql_mode       = @@sql_mode */ ;
/*!50003 SET sql_mode              = 'ONLY_FULL_GROUP_BY,STRICT_TRANS_TABLES,NO_ZERO_IN_DATE,NO_ZERO_DATE,ERROR_FOR_DIVISION_BY_ZERO,NO_ENGINE_SUBSTITUTION' */ ;
DELIMITER ;;
/*!50003 CREATE*/ /*!50017 DEFINER=`root`@`localhost`*/ /*!50003 TRIGGER `trg_update_stock_after_purchase` AFTER INSERT ON `purchase_item` FOR EACH ROW BEGIN
    UPDATE products
    SET stock = stock - NEW.quantity
    WHERE sku = NEW.sku;
END */;;
DELIMITER ;
/*!50003 SET sql_mode              = @saved_sql_mode */ ;
/*!50003 SET character_set_client  = @saved_cs_client */ ;
/*!50003 SET character_set_results = @saved_cs_results */ ;
/*!50003 SET collation_connection  = @saved_col_connection */ ;

--
-- Table structure for table `purchase_log`
--

DROP TABLE IF EXISTS `purchase_log`;
/*!40101 SET @saved_cs_client     = @@character_set_client */;
/*!50503 SET character_set_client = utf8mb4 */;
CREATE TABLE `purchase_log` (
  `log_id` int unsigned NOT NULL AUTO_INCREMENT,
  `purchase_id` int unsigned DEFAULT NULL,
  `action` varchar(20) DEFAULT NULL,
  `action_time` timestamp NULL DEFAULT CURRENT_TIMESTAMP,
  PRIMARY KEY (`log_id`)
) ENGINE=InnoDB AUTO_INCREMENT=1156 DEFAULT CHARSET=utf8mb4 COLLATE=utf8mb4_0900_ai_ci;
/*!40101 SET character_set_client = @saved_cs_client */;

--
-- Dumping data for table `purchase_log`
--

LOCK TABLES `purchase_log` WRITE;
/*!40000 ALTER TABLE `purchase_log` DISABLE KEYS */;
INSERT INTO `purchase_log` VALUES (1,1,'insert','2025-10-06 08:28:22'),(2,2,'insert','2025-10-20 15:54:02'),(3,3,'insert','2025-10-20 15:54:02'),(4,4,'insert','2025-10-20 15:54:02'),(5,5,'insert','2025-10-20 15:54:02'),(6,6,'insert','2025-10-20 15:54:02'),(7,7,'insert','2025-10-20 15:54:02'),(8,8,'insert','2025-10-20 15:54:02'),(9,9,'insert','2025-10-20 15:54:02'),(10,10,'insert','2025-10-20 15:54:02'),(11,11,'insert','2025-10-20 15:54:02'),(12,12,'insert','2025-10-20 15:54:02'),(13,13,'insert','2025-10-20 15:54:02'),(14,14,'insert','2025-10-20 15:54:02'),(15,15,'insert','2025-10-20 15:54:02'),(16,16,'insert','2025-10-20 15:54:02'),(17,17,'insert','2025-10-20 15:54:02'),(18,18,'insert','2025-10-20 15:54:02'),(19,19,'insert','2025-10-20 15:54:02'),(20,20,'insert','2025-10-20 15:54:02'),(21,21,'insert','2025-10-20 15:54:02'),(22,22,'insert','2025-10-20 15:54:02'),(23,23,'insert','2025-10-20 15:54:02'),(24,24,'insert','2025-10-20 15:54:02'),(25,25,'insert','2025-10-20 15:54:02'),(26,26,'insert','2025-10-20 15:54:02'),(27,27,'insert','2025-10-20 15:54:02'),(28,28,'insert','2025-10-20 15:54:02'),(29,29,'insert','2025-10-20 15:54:02'),(30,30,'insert','2025-10-20 15:54:02'),(31,31,'insert','2025-10-20 15:54:02'),(32,32,'insert','2025-10-20 15:54:02'),(33,33,'insert','2025-10-20 15:54:02'),(34,34,'insert','2025-10-20 15:54:02'),(35,35,'insert','2025-10-20 15:54:02'),(36,36,'insert','2025-10-20 15:54:02'),(37,37,'insert','2025-10-20 15:54:02'),(38,38,'insert','2025-10-20 15:54:02'),(39,39,'insert','2025-10-20 15:54:02'),(40,40,'insert','2025-10-20 15:54:02'),(41,41,'insert','2025-10-20 15:54:02'),(42,42,'insert','2025-10-20 15:54:02'),(43,43,'insert','2025-10-20 15:54:02'),(44,44,'insert','2025-10-20 15:54:02'),(45,45,'insert','2025-10-20 15:54:02'),(46,46,'insert','2025-10-20 15:54:02'),(47,47,'insert','2025-10-20 15:54:02'),(48,48,'insert','2025-10-20 15:54:02'),(49,49,'insert','2025-10-20 15:54:02'),(50,50,'insert','2025-10-20 15:54:02'),(51,51,'insert','2025-10-20 15:54:02'),(52,52,'insert','2025-10-20 15:54:02'),(53,53,'insert','2025-10-20 15:54:02'),(54,54,'insert','2025-10-20 15:54:02'),(55,55,'insert','2025-10-20 15:54:02'),(56,56,'insert','2025-10-20 15:54:02'),(57,57,'insert','2025-10-20 15:54:02'),(58,58,'insert','2025-10-20 15:54:02'),(59,59,'insert','2025-10-20 15:54:02'),(60,60,'insert','2025-10-20 15:54:02'),(61,61,'insert','2025-10-20 15:54:02'),(62,62,'insert','2025-10-20 15:54:02'),(63,63,'insert','2025-10-20 15:54:02'),(64,64,'insert','2025-10-20 15:54:02'),(65,65,'insert','2025-10-20 15:54:02'),(66,66,'insert','2025-10-20 15:54:02'),(67,67,'insert','2025-10-20 15:54:02'),(68,68,'insert','2025-10-20 15:54:02'),(69,69,'insert','2025-10-20 15:54:02'),(70,70,'insert','2025-10-20 15:54:02'),(71,71,'insert','2025-10-20 15:54:02'),(72,72,'insert','2025-10-20 15:54:02'),(73,73,'insert','2025-10-20 15:54:02'),(74,74,'insert','2025-10-20 15:54:02'),(75,75,'insert','2025-10-20 15:54:02'),(76,76,'insert','2025-10-20 15:54:02'),(77,77,'insert','2025-10-20 15:54:02'),(78,78,'insert','2025-10-20 15:54:02'),(79,79,'insert','2025-10-20 15:54:02'),(80,80,'insert','2025-10-20 15:54:02'),(81,81,'insert','2025-10-20 15:54:02'),(82,82,'insert','2025-10-20 15:54:02'),(83,83,'insert','2025-10-20 15:54:02'),(84,84,'insert','2025-10-20 15:54:02'),(85,85,'insert','2025-10-20 15:54:02'),(86,86,'insert','2025-10-20 15:54:02'),(87,87,'insert','2025-10-20 15:54:02'),(88,88,'insert','2025-10-20 15:54:02'),(89,89,'insert','2025-10-20 15:54:02'),(90,90,'insert','2025-10-20 15:54:02'),(91,91,'insert','2025-10-20 15:54:02'),(92,92,'insert','2025-10-20 15:54:02'),(93,93,'insert','2025-10-20 15:54:02'),(94,94,'insert','2025-10-20 15:54:02'),(95,95,'insert','2025-10-20 15:54:02'),(96,96,'insert','2025-10-20 15:54:02'),(97,97,'insert','2025-10-20 15:54:02'),(98,98,'insert','2025-10-20 15:54:02'),(99,99,'insert','2025-10-20 15:54:02'),(100,100,'insert','2025-10-20 15:54:02'),(101,101,'insert','2025-10-20 15:54:02'),(102,102,'insert','2025-10-20 15:54:02'),(103,103,'insert','2025-10-20 15:54:02'),(104,104,'insert','2025-10-20 15:54:02'),(105,105,'insert','2025-10-20 15:54:02'),(106,106,'insert','2025-10-20 15:54:02'),(107,107,'insert','2025-10-20 15:54:02'),(108,108,'insert','2025-10-20 15:54:02'),(109,109,'insert','2025-10-20 15:54:02'),(110,110,'insert','2025-10-20 15:54:02'),(111,111,'insert','2025-10-20 15:54:02'),(112,112,'insert','2025-10-20 15:54:02'),(113,113,'insert','2025-10-20 15:54:02'),(114,114,'insert','2025-10-20 15:54:02'),(115,115,'insert','2025-10-20 15:54:02'),(116,116,'insert','2025-10-20 15:54:02'),(117,117,'insert','2025-10-20 15:54:02'),(118,118,'insert','2025-10-20 15:54:02'),(119,119,'insert','2025-10-20 15:54:02'),(120,120,'insert','2025-10-20 15:54:02'),(121,121,'insert','2025-10-20 15:54:02'),(122,122,'insert','2025-10-20 15:54:02'),(123,123,'insert','2025-10-20 15:54:02'),(124,124,'insert','2025-10-20 15:54:02'),(125,125,'insert','2025-10-20 15:54:02'),(126,126,'insert','2025-10-20 15:54:02'),(127,127,'insert','2025-10-20 15:54:02'),(128,128,'insert','2025-10-20 15:54:02'),(129,129,'insert','2025-10-20 15:54:02'),(130,130,'insert','2025-10-20 15:54:02'),(131,131,'insert','2025-10-20 15:54:02'),(132,132,'insert','2025-10-20 15:54:02'),(133,133,'insert','2025-10-20 15:54:02'),(134,134,'insert','2025-10-20 15:54:02'),(135,135,'insert','2025-10-20 15:54:02'),(136,136,'insert','2025-10-20 15:54:02'),(137,137,'insert','2025-10-20 15:54:02'),(138,138,'insert','2025-10-20 15:54:02'),(139,139,'insert','2025-10-20 15:54:02'),(140,140,'insert','2025-10-20 15:54:02'),(141,141,'insert','2025-10-20 15:54:02'),(142,142,'insert','2025-10-20 15:54:02'),(143,143,'insert','2025-10-20 15:54:02'),(144,144,'insert','2025-10-20 15:54:02'),(145,145,'insert','2025-10-20 15:54:02'),(146,146,'insert','2025-10-20 15:54:02'),(147,147,'insert','2025-10-20 15:54:02'),(148,148,'insert','2025-10-20 15:54:02'),(149,149,'insert','2025-10-20 15:54:02'),(150,150,'insert','2025-10-20 15:54:02'),(151,151,'insert','2025-10-20 15:54:02'),(152,152,'insert','2025-10-20 15:54:02'),(153,153,'insert','2025-10-20 15:54:02'),(154,154,'insert','2025-10-20 15:54:02'),(155,155,'insert','2025-10-20 15:54:02'),(156,156,'insert','2025-10-20 15:54:02'),(157,157,'insert','2025-10-20 15:54:02'),(158,158,'insert','2025-10-20 15:54:02'),(159,159,'insert','2025-10-20 15:54:02'),(160,160,'insert','2025-10-20 15:54:02'),(161,161,'insert','2025-10-20 15:54:02'),(162,162,'insert','2025-10-20 15:54:02'),(163,163,'insert','2025-10-20 15:54:02'),(164,164,'insert','2025-10-20 15:54:02'),(165,165,'insert','2025-10-20 15:54:02'),(166,166,'insert','2025-10-20 15:54:02'),(167,167,'insert','2025-10-20 15:54:02'),(168,168,'insert','2025-10-20 15:54:02'),(169,169,'insert','2025-10-20 15:54:02'),(170,170,'insert','2025-10-20 15:54:02'),(171,171,'insert','2025-10-20 15:54:02'),(172,172,'insert','2025-10-20 15:54:02'),(173,173,'insert','2025-10-20 15:54:02'),(174,174,'insert','2025-10-20 15:54:02'),(175,175,'insert','2025-10-20 15:54:02'),(176,176,'insert','2025-10-20 15:54:02'),(177,177,'insert','2025-10-20 15:54:02'),(178,178,'insert','2025-10-20 15:54:02'),(179,179,'insert','2025-10-20 15:54:02'),(180,180,'insert','2025-10-20 15:54:02'),(181,181,'insert','2025-10-20 15:54:02'),(182,182,'insert','2025-10-20 15:54:02'),(183,183,'insert','2025-10-20 15:54:02'),(184,184,'insert','2025-10-20 15:54:02'),(185,185,'insert','2025-10-20 15:54:02'),(186,186,'insert','2025-10-20 15:54:02'),(187,187,'insert','2025-10-20 15:54:02'),(188,188,'insert','2025-10-20 15:54:02'),(189,189,'insert','2025-10-20 15:54:02'),(190,190,'insert','2025-10-20 15:54:02'),(191,191,'insert','2025-10-20 15:54:02'),(192,192,'insert','2025-10-20 15:54:02'),(193,193,'insert','2025-10-20 15:54:02'),(194,194,'insert','2025-10-20 15:54:02'),(195,195,'insert','2025-10-20 15:54:02'),(196,196,'insert','2025-10-20 15:54:02'),(197,197,'insert','2025-10-20 15:54:02'),(198,198,'insert','2025-10-20 15:54:02'),(199,199,'insert','2025-10-20 15:54:02'),(200,200,'insert','2025-10-20 15:54:02'),(201,201,'insert','2025-10-20 15:54:02'),(202,202,'insert','2025-10-20 15:54:02'),(203,203,'insert','2025-10-20 15:54:02'),(204,204,'insert','2025-10-20 15:54:02'),(205,205,'insert','2025-10-20 15:54:02'),(206,206,'insert','2025-10-20 15:54:02'),(207,207,'insert','2025-10-20 15:54:02'),(208,208,'insert','2025-10-20 15:54:02'),(209,209,'insert','2025-10-20 15:54:02'),(210,210,'insert','2025-10-20 15:54:02'),(211,211,'insert','2025-10-20 15:54:02'),(212,212,'insert','2025-10-20 15:54:02'),(213,213,'insert','2025-10-20 15:54:02'),(214,214,'insert','2025-10-20 15:54:02'),(215,215,'insert','2025-10-20 15:54:02'),(216,216,'insert','2025-10-20 15:54:02'),(217,217,'insert','2025-10-20 15:54:02'),(218,218,'insert','2025-10-20 15:54:02'),(219,219,'insert','2025-10-20 15:54:02'),(220,220,'insert','2025-10-20 15:54:02'),(221,221,'insert','2025-10-20 15:54:02'),(222,222,'insert','2025-10-20 15:54:02'),(223,223,'insert','2025-10-20 15:54:02'),(224,224,'insert','2025-10-20 15:54:02'),(225,225,'insert','2025-10-20 15:54:02'),(226,226,'insert','2025-10-20 15:54:02'),(227,227,'insert','2025-10-20 15:54:02'),(228,228,'insert','2025-10-20 15:54:02'),(229,229,'insert','2025-10-20 15:54:02'),(230,230,'insert','2025-10-20 15:54:02'),(231,231,'insert','2025-10-20 15:54:02'),(232,232,'insert','2025-10-21 14:51:01'),(233,233,'insert','2025-10-21 15:01:13'),(234,234,'insert','2025-10-21 15:11:03'),(235,235,'insert','2025-10-21 15:11:03'),(236,236,'insert','2025-10-21 15:13:55'),(237,237,'insert','2025-10-21 15:13:55'),(238,238,'insert','2025-10-21 15:13:55'),(239,239,'insert','2025-10-21 15:13:55'),(240,240,'insert','2025-10-21 15:13:55'),(241,241,'insert','2025-10-21 15:13:55'),(242,242,'insert','2025-10-21 15:13:55'),(243,243,'insert','2025-10-21 15:13:55'),(244,244,'insert','2025-10-21 15:13:55'),(245,245,'insert','2025-10-21 15:13:55'),(246,246,'insert','2025-10-21 15:13:55'),(247,247,'insert','2025-10-21 15:13:55'),(248,248,'insert','2025-10-21 15:13:55'),(249,249,'insert','2025-10-21 15:13:55'),(250,250,'insert','2025-10-21 15:13:55'),(251,251,'insert','2025-10-21 15:13:55'),(252,252,'insert','2025-10-21 15:13:55'),(253,253,'insert','2025-10-21 15:13:55'),(254,254,'insert','2025-10-21 15:13:55'),(255,255,'insert','2025-10-21 15:13:55'),(256,256,'insert','2025-10-21 15:13:55'),(257,257,'insert','2025-10-21 15:13:55'),(258,258,'insert','2025-10-21 15:13:55'),(259,259,'insert','2025-10-21 15:13:55'),(260,260,'insert','2025-10-21 15:13:55'),(261,261,'insert','2025-10-21 15:13:55'),(262,262,'insert','2025-10-21 15:13:55'),(263,263,'insert','2025-10-21 15:13:55'),(264,264,'insert','2025-10-21 15:13:55'),(265,265,'insert','2025-10-21 15:13:55'),(266,266,'insert','2025-10-21 15:13:55'),(267,267,'insert','2025-10-21 15:13:55'),(268,268,'insert','2025-10-21 15:13:55'),(269,269,'insert','2025-10-21 15:13:55'),(270,270,'insert','2025-10-21 15:13:55'),(271,271,'insert','2025-10-21 15:13:55'),(272,272,'insert','2025-10-21 15:13:55'),(273,273,'insert','2025-10-21 15:13:55'),(274,274,'insert','2025-10-21 15:13:55'),(275,275,'insert','2025-10-21 15:13:55'),(276,276,'insert','2025-10-21 15:13:55'),(277,277,'insert','2025-10-21 15:13:55'),(278,278,'insert','2025-10-21 15:13:55'),(279,279,'insert','2025-10-21 15:13:55'),(280,280,'insert','2025-10-21 15:13:55'),(281,281,'insert','2025-10-21 15:13:55'),(282,282,'insert','2025-10-21 15:13:55'),(283,283,'insert','2025-10-21 15:13:55'),(284,284,'insert','2025-10-21 15:13:55'),(285,285,'insert','2025-10-21 15:13:55'),(286,286,'insert','2025-10-21 15:13:55'),(287,287,'insert','2025-10-21 15:13:55'),(288,288,'insert','2025-10-21 15:13:55'),(289,289,'insert','2025-10-21 15:13:55'),(290,290,'insert','2025-10-21 15:13:55'),(291,291,'insert','2025-10-21 15:13:55'),(292,292,'insert','2025-10-21 15:13:55'),(293,293,'insert','2025-10-21 15:13:55'),(294,294,'insert','2025-10-21 15:13:55'),(295,295,'insert','2025-10-21 15:13:55'),(296,296,'insert','2025-10-21 15:13:55'),(297,297,'insert','2025-10-21 15:13:55'),(298,298,'insert','2025-10-21 15:13:55'),(299,299,'insert','2025-10-21 15:13:55'),(300,300,'insert','2025-10-21 15:13:55'),(301,301,'insert','2025-10-21 15:13:55'),(302,302,'insert','2025-10-21 15:13:55'),(303,303,'insert','2025-10-21 15:13:55'),(304,304,'insert','2025-10-21 15:13:55'),(305,305,'insert','2025-10-21 15:13:55'),(306,306,'insert','2025-10-21 15:13:55'),(307,307,'insert','2025-10-21 15:13:55'),(308,308,'insert','2025-10-21 15:13:55'),(309,309,'insert','2025-10-21 15:13:55'),(310,310,'insert','2025-10-21 15:13:55'),(311,311,'insert','2025-10-21 15:13:55'),(312,312,'insert','2025-10-21 15:13:55'),(313,313,'insert','2025-10-21 15:13:55'),(314,314,'insert','2025-10-21 15:13:55'),(315,315,'insert','2025-10-21 15:13:55'),(316,316,'insert','2025-10-21 15:13:55'),(317,317,'insert','2025-10-21 15:13:55'),(318,318,'insert','2025-10-21 15:13:55'),(319,319,'insert','2025-10-21 15:13:55'),(320,320,'insert','2025-10-21 15:13:55'),(321,321,'insert','2025-10-21 15:13:55'),(322,322,'insert','2025-10-21 15:13:55'),(323,323,'insert','2025-10-21 15:13:55'),(324,324,'insert','2025-10-21 15:13:55'),(325,325,'insert','2025-10-21 15:13:55'),(326,326,'insert','2025-10-21 15:13:55'),(327,327,'insert','2025-10-21 15:13:55'),(328,328,'insert','2025-10-21 15:13:55'),(329,329,'insert','2025-10-21 15:13:55'),(330,330,'insert','2025-10-21 15:13:55'),(331,331,'insert','2025-10-21 15:13:55'),(332,332,'insert','2025-10-21 15:13:55'),(333,333,'insert','2025-10-21 15:13:55'),(334,334,'insert','2025-10-21 15:13:55'),(335,335,'insert','2025-10-21 15:13:55'),(336,336,'insert','2025-10-21 15:13:55'),(337,337,'insert','2025-10-21 15:13:55'),(338,338,'insert','2025-10-21 15:13:55'),(339,339,'insert','2025-10-21 15:13:55'),(340,340,'insert','2025-10-21 15:13:55'),(341,341,'insert','2025-10-21 15:13:55'),(342,342,'insert','2025-10-21 15:13:55'),(343,343,'insert','2025-10-21 15:13:55'),(344,344,'insert','2025-10-21 15:13:55'),(345,345,'insert','2025-10-21 15:13:55'),(346,346,'insert','2025-10-21 15:13:55'),(347,347,'insert','2025-10-21 15:13:55'),(348,348,'insert','2025-10-21 15:13:55'),(349,349,'insert','2025-10-21 15:13:55'),(350,350,'insert','2025-10-21 15:13:55'),(351,351,'insert','2025-10-21 15:13:55'),(352,352,'insert','2025-10-21 15:13:55'),(353,353,'insert','2025-10-21 15:13:56'),(354,354,'insert','2025-10-21 15:13:56'),(355,355,'insert','2025-10-21 15:13:56'),(356,356,'insert','2025-10-21 15:13:56'),(357,357,'insert','2025-10-21 15:13:56'),(358,358,'insert','2025-10-21 15:13:56'),(359,359,'insert','2025-10-21 15:13:56'),(360,360,'insert','2025-10-21 15:13:56'),(361,361,'insert','2025-10-21 15:13:56'),(362,362,'insert','2025-10-21 15:13:56'),(363,363,'insert','2025-10-21 15:13:56'),(364,364,'insert','2025-10-21 15:13:56'),(365,365,'insert','2025-10-21 15:13:56'),(366,366,'insert','2025-10-21 15:13:56'),(367,367,'insert','2025-10-21 15:13:56'),(368,368,'insert','2025-10-21 15:13:56'),(369,369,'insert','2025-10-21 15:13:56'),(370,370,'insert','2025-10-21 15:13:56'),(371,371,'insert','2025-10-21 15:13:56'),(372,372,'insert','2025-10-21 15:13:56'),(373,373,'insert','2025-10-21 15:13:56'),(374,374,'insert','2025-10-21 15:13:56'),(375,375,'insert','2025-10-21 15:13:56'),(376,376,'insert','2025-10-21 15:13:56'),(377,377,'insert','2025-10-21 15:13:56'),(378,378,'insert','2025-10-21 15:13:56'),(379,379,'insert','2025-10-21 15:13:56'),(380,380,'insert','2025-10-21 15:13:56'),(381,381,'insert','2025-10-21 15:13:56'),(382,382,'insert','2025-10-21 15:13:56'),(383,383,'insert','2025-10-21 15:13:56'),(384,384,'insert','2025-10-21 15:13:56'),(385,385,'insert','2025-10-21 15:13:56'),(386,386,'insert','2025-10-21 15:13:56'),(387,387,'insert','2025-10-21 15:13:56'),(388,388,'insert','2025-10-21 15:13:56'),(389,389,'insert','2025-10-21 15:13:56'),(390,390,'insert','2025-10-21 15:13:56'),(391,391,'insert','2025-10-21 15:13:56'),(392,392,'insert','2025-10-21 15:13:56'),(393,393,'insert','2025-10-21 15:13:56'),(394,394,'insert','2025-10-21 15:13:56'),(395,395,'insert','2025-10-21 15:13:56'),(396,396,'insert','2025-10-21 15:13:56'),(397,397,'insert','2025-10-21 15:13:56'),(398,398,'insert','2025-10-21 15:13:56'),(399,399,'insert','2025-10-21 15:13:56'),(400,400,'insert','2025-10-21 15:13:56'),(401,401,'insert','2025-10-21 15:13:56'),(402,402,'insert','2025-10-21 15:13:56'),(403,403,'insert','2025-10-21 15:13:56'),(404,404,'insert','2025-10-21 15:13:56'),(405,405,'insert','2025-10-21 15:13:56'),(406,406,'insert','2025-10-21 15:13:56'),(407,407,'insert','2025-10-21 15:13:56'),(408,408,'insert','2025-10-21 15:13:56'),(409,409,'insert','2025-10-21 15:13:56'),(410,410,'insert','2025-10-21 15:13:56'),(411,411,'insert','2025-10-21 15:13:56'),(412,412,'insert','2025-10-21 15:13:56'),(413,413,'insert','2025-10-21 15:13:56'),(414,414,'insert','2025-10-21 15:13:56'),(415,415,'insert','2025-10-21 15:13:56'),(416,416,'insert','2025-10-21 15:13:56'),(417,417,'insert','2025-10-21 15:13:56'),(418,418,'insert','2025-10-21 15:13:56'),(419,419,'insert','2025-10-21 15:13:56'),(420,420,'insert','2025-10-21 15:13:56'),(421,421,'insert','2025-10-21 15:13:56'),(422,422,'insert','2025-10-21 15:13:56'),(423,423,'insert','2025-10-21 15:13:56'),(424,424,'insert','2025-10-21 15:13:56'),(425,425,'insert','2025-10-21 15:13:56'),(426,426,'insert','2025-10-21 15:13:56'),(427,427,'insert','2025-10-21 15:13:56'),(428,428,'insert','2025-10-21 15:13:56'),(429,429,'insert','2025-10-21 15:13:56'),(430,430,'insert','2025-10-21 15:13:56'),(431,431,'insert','2025-10-21 15:13:56'),(432,432,'insert','2025-10-21 15:13:56'),(433,433,'insert','2025-10-21 15:13:56'),(434,434,'insert','2025-10-21 15:13:56'),(435,435,'insert','2025-10-21 15:13:56'),(436,436,'insert','2025-10-21 15:13:56'),(437,437,'insert','2025-10-21 15:13:56'),(438,438,'insert','2025-10-21 15:13:56'),(439,439,'insert','2025-10-21 15:13:56'),(440,440,'insert','2025-10-21 15:13:56'),(441,441,'insert','2025-10-21 15:13:56'),(442,442,'insert','2025-10-21 15:13:56'),(443,443,'insert','2025-10-21 15:13:56'),(444,444,'insert','2025-10-21 15:13:56'),(445,445,'insert','2025-10-21 15:13:56'),(446,446,'insert','2025-10-21 15:13:56'),(447,447,'insert','2025-10-21 15:13:56'),(448,448,'insert','2025-10-21 15:13:56'),(449,449,'insert','2025-10-21 15:13:56'),(450,450,'insert','2025-10-21 15:13:56'),(451,451,'insert','2025-10-21 15:13:56'),(452,452,'insert','2025-10-21 15:13:56'),(453,453,'insert','2025-10-21 15:13:56'),(454,454,'insert','2025-10-21 15:13:56'),(455,455,'insert','2025-10-21 15:13:56'),(456,456,'insert','2025-10-21 15:13:56'),(457,457,'insert','2025-10-21 15:13:56'),(458,458,'insert','2025-10-21 15:13:56'),(459,459,'insert','2025-10-21 15:13:56'),(460,460,'insert','2025-10-21 15:13:56'),(461,461,'insert','2025-10-21 15:13:56'),(462,462,'insert','2025-10-21 15:13:56'),(463,463,'insert','2025-10-21 15:13:56'),(464,464,'insert','2025-10-21 15:13:56'),(465,465,'insert','2025-10-21 15:13:56'),(466,466,'insert','2025-10-23 09:06:56'),(467,467,'insert','2025-10-23 09:06:56'),(468,468,'insert','2025-10-23 09:06:56'),(469,469,'insert','2025-10-23 09:06:56'),(470,470,'insert','2025-10-23 09:06:56'),(471,471,'insert','2025-10-23 09:06:56'),(472,472,'insert','2025-10-23 09:06:56'),(473,473,'insert','2025-10-23 09:06:56'),(474,474,'insert','2025-10-23 09:06:56'),(475,475,'insert','2025-10-23 09:06:56'),(476,476,'insert','2025-10-23 09:06:56'),(477,477,'insert','2025-10-23 09:06:56'),(478,478,'insert','2025-10-23 09:06:56'),(479,479,'insert','2025-10-23 09:06:56'),(480,480,'insert','2025-10-23 09:06:56'),(481,481,'insert','2025-10-23 09:06:56'),(482,482,'insert','2025-10-23 09:06:56'),(483,483,'insert','2025-10-23 09:06:56'),(484,484,'insert','2025-10-23 09:06:56'),(485,485,'insert','2025-10-23 09:06:56'),(486,486,'insert','2025-10-23 09:06:56'),(487,487,'insert','2025-10-23 09:06:56'),(488,488,'insert','2025-10-23 09:06:56'),(489,489,'insert','2025-10-23 09:06:56'),(490,490,'insert','2025-10-23 09:06:56'),(491,491,'insert','2025-10-23 09:06:56'),(492,492,'insert','2025-10-23 09:06:56'),(493,493,'insert','2025-10-23 09:06:56'),(494,494,'insert','2025-10-23 09:06:56'),(495,495,'insert','2025-10-23 09:06:56'),(496,496,'insert','2025-10-23 09:06:56'),(497,497,'insert','2025-10-23 09:06:56'),(498,498,'insert','2025-10-23 09:06:56'),(499,499,'insert','2025-10-23 09:06:56'),(500,500,'insert','2025-10-23 09:06:56'),(501,501,'insert','2025-10-23 09:06:56'),(502,502,'insert','2025-10-23 09:06:56'),(503,503,'insert','2025-10-23 09:06:56'),(504,504,'insert','2025-10-23 09:06:56'),(505,505,'insert','2025-10-23 09:06:56'),(506,506,'insert','2025-10-23 09:06:56'),(507,507,'insert','2025-10-23 09:06:56'),(508,508,'insert','2025-10-23 09:06:56'),(509,509,'insert','2025-10-23 09:06:56'),(510,510,'insert','2025-10-23 09:06:56'),(511,511,'insert','2025-10-23 09:06:57'),(512,512,'insert','2025-10-23 09:06:57'),(513,513,'insert','2025-10-23 09:06:57'),(514,514,'insert','2025-10-23 09:06:57'),(515,515,'insert','2025-10-23 09:06:57'),(516,516,'insert','2025-10-23 09:06:57'),(517,517,'insert','2025-10-23 09:06:57'),(518,518,'insert','2025-10-23 09:06:57'),(519,519,'insert','2025-10-23 09:06:57'),(520,520,'insert','2025-10-23 09:06:57'),(521,521,'insert','2025-10-23 09:06:57'),(522,522,'insert','2025-10-23 09:06:57'),(523,523,'insert','2025-10-23 09:06:57'),(524,524,'insert','2025-10-23 09:06:57'),(525,525,'insert','2025-10-23 09:06:57'),(526,526,'insert','2025-10-23 09:06:57'),(527,527,'insert','2025-10-23 09:06:57'),(528,528,'insert','2025-10-23 09:06:57'),(529,529,'insert','2025-10-23 09:06:57'),(530,530,'insert','2025-10-23 09:06:57'),(531,531,'insert','2025-10-23 09:06:57'),(532,532,'insert','2025-10-23 09:06:57'),(533,533,'insert','2025-10-23 09:06:57'),(534,534,'insert','2025-10-23 09:06:57'),(535,535,'insert','2025-10-23 09:06:57'),(536,536,'insert','2025-10-23 09:06:57'),(537,537,'insert','2025-10-23 09:06:57'),(538,538,'insert','2025-10-23 09:06:57'),(539,539,'insert','2025-10-23 09:06:57'),(540,540,'insert','2025-10-23 09:06:57'),(541,541,'insert','2025-10-23 09:06:57'),(542,542,'insert','2025-10-23 09:06:57'),(543,543,'insert','2025-10-23 09:06:57'),(544,544,'insert','2025-10-23 09:06:57'),(545,545,'insert','2025-10-23 09:06:57'),(546,546,'insert','2025-10-23 09:06:57'),(547,547,'insert','2025-10-23 09:06:57'),(548,548,'insert','2025-10-23 09:06:57'),(549,549,'insert','2025-10-23 09:06:57'),(550,550,'insert','2025-10-23 09:06:57'),(551,551,'insert','2025-10-23 09:06:57'),(552,552,'insert','2025-10-23 09:06:57'),(553,553,'insert','2025-10-23 09:06:57'),(554,554,'insert','2025-10-23 09:06:57'),(555,555,'insert','2025-10-23 09:06:57'),(556,556,'insert','2025-10-23 09:06:57'),(557,557,'insert','2025-10-23 09:06:57'),(558,558,'insert','2025-10-23 09:06:57'),(559,559,'insert','2025-10-23 09:06:57'),(560,560,'insert','2025-10-23 09:06:57'),(561,561,'insert','2025-10-23 09:06:57'),(562,562,'insert','2025-10-23 09:06:57'),(563,563,'insert','2025-10-23 09:06:57'),(564,564,'insert','2025-10-23 09:06:57'),(565,565,'insert','2025-10-23 09:06:57'),(566,566,'insert','2025-10-23 09:06:57'),(567,567,'insert','2025-10-23 09:06:57'),(568,568,'insert','2025-10-23 09:06:57'),(569,569,'insert','2025-10-23 09:06:57'),(570,570,'insert','2025-10-23 09:06:57'),(571,571,'insert','2025-10-23 09:06:57'),(572,572,'insert','2025-10-23 09:06:57'),(573,573,'insert','2025-10-23 09:06:57'),(574,574,'insert','2025-10-23 09:06:57'),(575,575,'insert','2025-10-23 09:06:57'),(576,576,'insert','2025-10-23 09:06:57'),(577,577,'insert','2025-10-23 09:06:57'),(578,578,'insert','2025-10-23 09:06:57'),(579,579,'insert','2025-10-23 09:06:57'),(580,580,'insert','2025-10-23 09:06:57'),(581,581,'insert','2025-10-23 09:06:57'),(582,582,'insert','2025-10-23 09:06:57'),(583,583,'insert','2025-10-23 09:06:57'),(584,584,'insert','2025-10-23 09:06:57'),(585,585,'insert','2025-10-23 09:06:57'),(586,586,'insert','2025-10-23 09:06:57'),(587,587,'insert','2025-10-23 09:06:57'),(588,588,'insert','2025-10-23 09:06:57'),(589,589,'insert','2025-10-23 09:06:57'),(590,590,'insert','2025-10-23 09:06:57'),(591,591,'insert','2025-10-23 09:06:57'),(592,592,'insert','2025-10-23 09:06:57'),(593,593,'insert','2025-10-23 09:06:57'),(594,594,'insert','2025-10-23 09:06:57'),(595,595,'insert','2025-10-23 09:06:57'),(596,596,'insert','2025-10-23 09:06:57'),(597,597,'insert','2025-10-23 09:06:57'),(598,598,'insert','2025-10-23 09:06:57'),(599,599,'insert','2025-10-23 09:06:57'),(600,600,'insert','2025-10-23 09:06:57'),(601,601,'insert','2025-10-23 09:06:57'),(602,602,'insert','2025-10-23 09:06:57'),(603,603,'insert','2025-10-23 09:06:57'),(604,604,'insert','2025-10-23 09:06:57'),(605,605,'insert','2025-10-23 09:06:57'),(606,606,'insert','2025-10-23 09:06:57'),(607,607,'insert','2025-10-23 09:06:57'),(608,608,'insert','2025-10-23 09:06:57'),(609,609,'insert','2025-10-23 09:06:57'),(610,610,'insert','2025-10-23 09:06:57'),(611,611,'insert','2025-10-23 09:06:58'),(612,612,'insert','2025-10-23 09:06:58'),(613,613,'insert','2025-10-23 09:06:58'),(614,614,'insert','2025-10-23 09:06:58'),(615,615,'insert','2025-10-23 09:06:58'),(616,616,'insert','2025-10-23 09:06:58'),(617,617,'insert','2025-10-23 09:06:58'),(618,618,'insert','2025-10-23 09:06:58'),(619,619,'insert','2025-10-23 09:06:58'),(620,620,'insert','2025-10-23 09:06:58'),(621,621,'insert','2025-10-23 09:06:58'),(622,622,'insert','2025-10-23 09:06:58'),(623,623,'insert','2025-10-23 09:06:58'),(624,624,'insert','2025-10-23 09:06:58'),(625,625,'insert','2025-10-23 09:06:58'),(626,626,'insert','2025-10-23 09:06:58'),(627,627,'insert','2025-10-23 09:06:58'),(628,628,'insert','2025-10-23 09:06:58'),(629,629,'insert','2025-10-23 09:06:58'),(630,630,'insert','2025-10-23 09:06:58'),(631,631,'insert','2025-10-23 09:06:58'),(632,632,'insert','2025-10-23 09:06:58'),(633,633,'insert','2025-10-23 09:06:58'),(634,634,'insert','2025-10-23 09:06:58'),(635,635,'insert','2025-10-23 09:06:58'),(636,636,'insert','2025-10-23 09:06:58'),(637,637,'insert','2025-10-23 09:06:58'),(638,638,'insert','2025-10-23 09:06:58'),(639,639,'insert','2025-10-23 09:06:58'),(640,640,'insert','2025-10-23 09:06:58'),(641,641,'insert','2025-10-23 09:06:58'),(642,642,'insert','2025-10-23 09:06:58'),(643,643,'insert','2025-10-23 09:06:58'),(644,644,'insert','2025-10-23 09:06:58'),(645,645,'insert','2025-10-23 09:06:58'),(646,646,'insert','2025-10-23 09:06:58'),(647,647,'insert','2025-10-23 09:06:58'),(648,648,'insert','2025-10-23 09:06:58'),(649,649,'insert','2025-10-23 09:06:58'),(650,650,'insert','2025-10-23 09:06:58'),(651,651,'insert','2025-10-23 09:06:58'),(652,652,'insert','2025-10-23 09:06:58'),(653,653,'insert','2025-10-23 09:06:58'),(654,654,'insert','2025-10-23 09:06:58'),(655,655,'insert','2025-10-23 09:06:58'),(656,656,'insert','2025-10-23 09:06:58'),(657,657,'insert','2025-10-23 09:06:58'),(658,658,'insert','2025-10-23 09:06:58'),(659,659,'insert','2025-10-23 09:06:58'),(660,660,'insert','2025-10-23 09:06:58'),(661,661,'insert','2025-10-23 09:06:58'),(662,662,'insert','2025-10-23 09:06:58'),(663,663,'insert','2025-10-23 09:06:58'),(664,664,'insert','2025-10-23 09:06:58'),(665,665,'insert','2025-10-23 09:06:58'),(666,666,'insert','2025-10-23 09:06:58'),(667,667,'insert','2025-10-23 09:06:58'),(668,668,'insert','2025-10-23 09:06:58'),(669,669,'insert','2025-10-23 09:06:58'),(670,670,'insert','2025-10-23 09:06:58'),(671,671,'insert','2025-10-23 09:06:58'),(672,672,'insert','2025-10-23 09:06:58'),(673,673,'insert','2025-10-23 09:06:58'),(674,674,'insert','2025-10-23 09:06:58'),(675,675,'insert','2025-10-23 09:06:58'),(676,676,'insert','2025-10-23 09:06:58'),(677,677,'insert','2025-10-23 09:06:58'),(678,678,'insert','2025-10-23 09:06:58'),(679,679,'insert','2025-10-23 09:06:58'),(680,680,'insert','2025-10-23 09:06:58'),(681,681,'insert','2025-10-23 09:06:58'),(682,682,'insert','2025-10-23 09:06:58'),(683,683,'insert','2025-10-23 09:06:58'),(684,684,'insert','2025-10-23 09:06:58'),(685,685,'insert','2025-10-23 09:06:58'),(686,686,'insert','2025-10-23 09:06:58'),(687,687,'insert','2025-10-23 09:06:58'),(688,688,'insert','2025-10-23 09:06:58'),(689,689,'insert','2025-10-23 09:06:58'),(690,690,'insert','2025-10-23 09:06:58'),(691,691,'insert','2025-10-23 09:06:58'),(692,692,'insert','2025-10-23 09:06:58'),(693,693,'insert','2025-10-23 09:06:58'),(694,694,'insert','2025-10-23 09:06:58'),(695,695,'insert','2025-10-23 09:06:58'),(696,696,'insert','2025-10-23 17:47:00'),(697,697,'insert','2025-10-23 17:47:00'),(698,698,'insert','2025-10-23 17:47:00'),(699,699,'insert','2025-10-23 17:47:00'),(700,700,'insert','2025-10-23 17:47:00'),(701,701,'insert','2025-10-23 17:47:00'),(702,702,'insert','2025-10-23 17:47:00'),(703,703,'insert','2025-10-23 17:47:00'),(704,704,'insert','2025-10-23 17:47:00'),(705,705,'insert','2025-10-23 17:47:00'),(706,706,'insert','2025-10-23 17:47:00'),(707,707,'insert','2025-10-23 17:47:00'),(708,708,'insert','2025-10-23 17:47:00'),(709,709,'insert','2025-10-23 17:47:00'),(710,710,'insert','2025-10-23 17:47:00'),(711,711,'insert','2025-10-23 17:47:00'),(712,712,'insert','2025-10-23 17:47:00'),(713,713,'insert','2025-10-23 17:47:00'),(714,714,'insert','2025-10-23 17:47:00'),(715,715,'insert','2025-10-23 17:47:00'),(716,716,'insert','2025-10-23 17:47:00'),(717,717,'insert','2025-10-23 17:47:00'),(718,718,'insert','2025-10-23 17:47:00'),(719,719,'insert','2025-10-23 17:47:00'),(720,720,'insert','2025-10-23 17:47:00'),(721,721,'insert','2025-10-23 17:47:00'),(722,722,'insert','2025-10-23 17:47:00'),(723,723,'insert','2025-10-23 17:47:00'),(724,724,'insert','2025-10-23 17:47:00'),(725,725,'insert','2025-10-23 17:47:00'),(726,726,'insert','2025-10-23 17:47:00'),(727,727,'insert','2025-10-23 17:47:00'),(728,728,'insert','2025-10-23 17:47:00'),(729,729,'insert','2025-10-23 17:47:00'),(730,730,'insert','2025-10-23 17:47:00'),(731,731,'insert','2025-10-23 17:47:00'),(732,732,'insert','2025-10-23 17:47:00'),(733,733,'insert','2025-10-23 17:47:00'),(734,734,'insert','2025-10-23 17:47:00'),(735,735,'insert','2025-10-23 17:47:00'),(736,736,'insert','2025-10-23 17:47:00'),(737,737,'insert','2025-10-23 17:47:00'),(738,738,'insert','2025-10-23 17:47:01'),(739,739,'insert','2025-10-23 17:47:01'),(740,740,'insert','2025-10-23 17:47:01'),(741,741,'insert','2025-10-23 17:47:01'),(742,742,'insert','2025-10-23 17:47:01'),(743,743,'insert','2025-10-23 17:47:01'),(744,744,'insert','2025-10-23 17:47:01'),(745,745,'insert','2025-10-23 17:47:01'),(746,746,'insert','2025-10-23 17:47:01'),(747,747,'insert','2025-10-23 17:47:01'),(748,748,'insert','2025-10-23 17:47:01'),(749,749,'insert','2025-10-23 17:47:01'),(750,750,'insert','2025-10-23 17:47:01'),(751,751,'insert','2025-10-23 17:47:01'),(752,752,'insert','2025-10-23 17:47:01'),(753,753,'insert','2025-10-23 17:47:01'),(754,754,'insert','2025-10-23 17:47:01'),(755,755,'insert','2025-10-23 17:47:01'),(756,756,'insert','2025-10-23 17:47:01'),(757,757,'insert','2025-10-23 17:47:01'),(758,758,'insert','2025-10-23 17:47:01'),(759,759,'insert','2025-10-23 17:47:01'),(760,760,'insert','2025-10-23 17:47:01'),(761,761,'insert','2025-10-23 17:47:01'),(762,762,'insert','2025-10-23 17:47:01'),(763,763,'insert','2025-10-23 17:47:01'),(764,764,'insert','2025-10-23 17:47:01'),(765,765,'insert','2025-10-23 17:47:01'),(766,766,'insert','2025-10-23 17:47:01'),(767,767,'insert','2025-10-23 17:47:01'),(768,768,'insert','2025-10-23 17:47:01'),(769,769,'insert','2025-10-23 17:47:01'),(770,770,'insert','2025-10-23 17:47:01'),(771,771,'insert','2025-10-23 17:47:01'),(772,772,'insert','2025-10-23 17:47:01'),(773,773,'insert','2025-10-23 17:47:01'),(774,774,'insert','2025-10-23 17:47:01'),(775,775,'insert','2025-10-23 17:47:01'),(776,776,'insert','2025-10-23 17:47:01'),(777,777,'insert','2025-10-23 17:47:01'),(778,778,'insert','2025-10-23 17:47:01'),(779,779,'insert','2025-10-23 17:47:01'),(780,780,'insert','2025-10-23 17:47:01'),(781,781,'insert','2025-10-23 17:47:01'),(782,782,'insert','2025-10-23 17:47:01'),(783,783,'insert','2025-10-23 17:47:01'),(784,784,'insert','2025-10-23 17:47:01'),(785,785,'insert','2025-10-23 17:47:01'),(786,786,'insert','2025-10-23 17:47:01'),(787,787,'insert','2025-10-23 17:47:01'),(788,788,'insert','2025-10-23 17:47:01'),(789,789,'insert','2025-10-23 17:47:01'),(790,790,'insert','2025-10-23 17:47:01'),(791,791,'insert','2025-10-23 17:47:01'),(792,792,'insert','2025-10-23 17:47:01'),(793,793,'insert','2025-10-23 17:47:01'),(794,794,'insert','2025-10-23 17:47:01'),(795,795,'insert','2025-10-23 17:47:01'),(796,796,'insert','2025-10-23 17:47:01'),(797,797,'insert','2025-10-23 17:47:01'),(798,798,'insert','2025-10-23 17:47:01'),(799,799,'insert','2025-10-23 17:47:01'),(800,800,'insert','2025-10-23 17:47:01'),(801,801,'insert','2025-10-23 17:47:01'),(802,802,'insert','2025-10-23 17:47:01'),(803,803,'insert','2025-10-23 17:47:01'),(804,804,'insert','2025-10-23 17:47:01'),(805,805,'insert','2025-10-23 17:47:01'),(806,806,'insert','2025-10-23 17:47:01'),(807,807,'insert','2025-10-23 17:47:01'),(808,808,'insert','2025-10-23 17:47:01'),(809,809,'insert','2025-10-23 17:47:01'),(810,810,'insert','2025-10-23 17:47:01'),(811,811,'insert','2025-10-23 17:47:01'),(812,812,'insert','2025-10-23 17:47:01'),(813,813,'insert','2025-10-23 17:47:01'),(814,814,'insert','2025-10-23 17:47:01'),(815,815,'insert','2025-10-23 17:47:01'),(816,816,'insert','2025-10-23 17:47:01'),(817,817,'insert','2025-10-23 17:47:01'),(818,818,'insert','2025-10-23 17:47:01'),(819,819,'insert','2025-10-23 17:47:01'),(820,820,'insert','2025-10-23 17:47:01'),(821,821,'insert','2025-10-23 17:47:01'),(822,822,'insert','2025-10-23 17:47:01'),(823,823,'insert','2025-10-23 17:47:01'),(824,824,'insert','2025-10-23 17:47:01'),(825,825,'insert','2025-10-23 17:47:01'),(826,826,'insert','2025-10-23 17:47:01'),(827,827,'insert','2025-10-23 17:47:01'),(828,828,'insert','2025-10-23 17:47:01'),(829,829,'insert','2025-10-23 17:47:01'),(830,830,'insert','2025-10-23 17:47:01'),(831,831,'insert','2025-10-23 17:47:01'),(832,832,'insert','2025-10-23 17:47:01'),(833,833,'insert','2025-10-23 17:47:01'),(834,834,'insert','2025-10-23 17:47:01'),(835,835,'insert','2025-10-23 17:47:01'),(836,836,'insert','2025-10-23 17:47:01'),(837,837,'insert','2025-10-23 17:47:01'),(838,838,'insert','2025-10-23 17:47:01'),(839,839,'insert','2025-10-23 17:47:01'),(840,840,'insert','2025-10-23 17:47:01'),(841,841,'insert','2025-10-23 17:47:01'),(842,842,'insert','2025-10-23 17:47:01'),(843,843,'insert','2025-10-23 17:47:01'),(844,844,'insert','2025-10-23 17:47:01'),(845,845,'insert','2025-10-23 17:47:01'),(846,846,'insert','2025-10-23 17:47:01'),(847,847,'insert','2025-10-23 17:47:01'),(848,848,'insert','2025-10-23 17:47:01'),(849,849,'insert','2025-10-23 17:47:01'),(850,850,'insert','2025-10-23 17:47:01'),(851,851,'insert','2025-10-23 17:47:02'),(852,852,'insert','2025-10-23 17:47:02'),(853,853,'insert','2025-10-23 17:47:02'),(854,854,'insert','2025-10-23 17:47:02'),(855,855,'insert','2025-10-23 17:47:02'),(856,856,'insert','2025-10-23 17:47:02'),(857,857,'insert','2025-10-23 17:47:02'),(858,858,'insert','2025-10-23 17:47:02'),(859,859,'insert','2025-10-23 17:47:02'),(860,860,'insert','2025-10-23 17:47:02'),(861,861,'insert','2025-10-23 17:47:02'),(862,862,'insert','2025-10-23 17:47:02'),(863,863,'insert','2025-10-23 17:47:02'),(864,864,'insert','2025-10-23 17:47:02'),(865,865,'insert','2025-10-23 17:47:02'),(866,866,'insert','2025-10-23 17:47:02'),(867,867,'insert','2025-10-23 17:47:02'),(868,868,'insert','2025-10-23 17:47:02'),(869,869,'insert','2025-10-23 17:47:02'),(870,870,'insert','2025-10-23 17:47:02'),(871,871,'insert','2025-10-23 17:47:02'),(872,872,'insert','2025-10-23 17:47:02'),(873,873,'insert','2025-10-23 17:47:02'),(874,874,'insert','2025-10-23 17:47:02'),(875,875,'insert','2025-10-23 17:47:02'),(876,876,'insert','2025-10-23 17:47:02'),(877,877,'insert','2025-10-23 17:47:02'),(878,878,'insert','2025-10-23 17:47:02'),(879,879,'insert','2025-10-23 17:47:02'),(880,880,'insert','2025-10-23 17:47:02'),(881,881,'insert','2025-10-23 17:47:02'),(882,882,'insert','2025-10-23 17:47:02'),(883,883,'insert','2025-10-23 17:47:02'),(884,884,'insert','2025-10-23 17:47:02'),(885,885,'insert','2025-10-23 17:47:02'),(886,886,'insert','2025-10-23 17:47:02'),(887,887,'insert','2025-10-23 17:47:02'),(888,888,'insert','2025-10-23 17:47:02'),(889,889,'insert','2025-10-23 17:47:02'),(890,890,'insert','2025-10-23 17:47:02'),(891,891,'insert','2025-10-23 17:47:02'),(892,892,'insert','2025-10-23 17:47:02'),(893,893,'insert','2025-10-23 17:47:02'),(894,894,'insert','2025-10-23 17:47:02'),(895,895,'insert','2025-10-23 17:47:02'),(896,896,'insert','2025-10-23 17:47:02'),(897,897,'insert','2025-10-23 17:47:02'),(898,898,'insert','2025-10-23 17:47:02'),(899,899,'insert','2025-10-23 17:47:02'),(900,900,'insert','2025-10-23 17:47:02'),(901,901,'insert','2025-10-23 17:47:02'),(902,902,'insert','2025-10-23 17:47:02'),(903,903,'insert','2025-10-23 17:47:02'),(904,904,'insert','2025-10-23 17:47:02'),(905,905,'insert','2025-10-23 17:47:02'),(906,906,'insert','2025-10-23 17:47:02'),(907,907,'insert','2025-10-23 17:47:02'),(908,908,'insert','2025-10-23 17:47:02'),(909,909,'insert','2025-10-23 17:47:02'),(910,910,'insert','2025-10-23 17:47:02'),(911,911,'insert','2025-10-23 17:47:02'),(912,912,'insert','2025-10-23 17:47:02'),(913,913,'insert','2025-10-23 17:47:02'),(914,914,'insert','2025-10-23 17:47:02'),(915,915,'insert','2025-10-23 17:47:02'),(916,916,'insert','2025-10-23 17:47:02'),(917,917,'insert','2025-10-23 17:47:02'),(918,918,'insert','2025-10-23 17:47:02'),(919,919,'insert','2025-10-23 17:47:02'),(920,920,'insert','2025-10-23 17:47:02'),(921,921,'insert','2025-10-23 17:47:02'),(922,922,'insert','2025-10-23 17:47:02'),(923,923,'insert','2025-10-23 17:47:02'),(924,924,'insert','2025-10-23 17:47:02'),(925,925,'insert','2025-10-23 17:47:02'),(926,926,'insert','2025-10-24 11:28:20'),(927,927,'insert','2025-10-24 11:28:20'),(928,928,'insert','2025-10-24 11:28:20'),(929,929,'insert','2025-10-24 11:28:20'),(930,930,'insert','2025-10-24 11:28:20'),(931,931,'insert','2025-10-24 11:28:20'),(932,932,'insert','2025-10-24 11:28:20'),(933,933,'insert','2025-10-24 11:28:20'),(934,934,'insert','2025-10-24 11:28:20'),(935,935,'insert','2025-10-24 11:28:20'),(936,936,'insert','2025-10-24 11:28:20'),(937,937,'insert','2025-10-24 11:28:20'),(938,938,'insert','2025-10-24 11:28:20'),(939,939,'insert','2025-10-24 11:28:20'),(940,940,'insert','2025-10-24 11:28:20'),(941,941,'insert','2025-10-24 11:28:20'),(942,942,'insert','2025-10-24 11:28:20'),(943,943,'insert','2025-10-24 11:28:20'),(944,944,'insert','2025-10-24 11:28:20'),(945,945,'insert','2025-10-24 11:28:20'),(946,946,'insert','2025-10-24 11:28:20'),(947,947,'insert','2025-10-24 11:28:20'),(948,948,'insert','2025-10-24 11:28:20'),(949,949,'insert','2025-10-24 11:28:20'),(950,950,'insert','2025-10-24 11:28:20'),(951,951,'insert','2025-10-24 11:28:20'),(952,952,'insert','2025-10-24 11:28:20'),(953,953,'insert','2025-10-24 11:28:20'),(954,954,'insert','2025-10-24 11:28:20'),(955,955,'insert','2025-10-24 11:28:20'),(956,956,'insert','2025-10-24 11:28:20'),(957,957,'insert','2025-10-24 11:28:20'),(958,958,'insert','2025-10-24 11:28:20'),(959,959,'insert','2025-10-24 11:28:20'),(960,960,'insert','2025-10-24 11:28:20'),(961,961,'insert','2025-10-24 11:28:20'),(962,962,'insert','2025-10-24 11:28:20'),(963,963,'insert','2025-10-24 11:28:20'),(964,964,'insert','2025-10-24 11:28:20'),(965,965,'insert','2025-10-24 11:28:20'),(966,966,'insert','2025-10-24 11:28:20'),(967,967,'insert','2025-10-24 11:28:20'),(968,968,'insert','2025-10-24 11:28:20'),(969,969,'insert','2025-10-24 11:28:20'),(970,970,'insert','2025-10-24 11:28:20'),(971,971,'insert','2025-10-24 11:28:20'),(972,972,'insert','2025-10-24 11:28:20'),(973,973,'insert','2025-10-24 11:28:20'),(974,974,'insert','2025-10-24 11:28:20'),(975,975,'insert','2025-10-24 11:28:20'),(976,976,'insert','2025-10-24 11:28:20'),(977,977,'insert','2025-10-24 11:28:20'),(978,978,'insert','2025-10-24 11:28:20'),(979,979,'insert','2025-10-24 11:28:20'),(980,980,'insert','2025-10-24 11:28:20'),(981,981,'insert','2025-10-24 11:28:20'),(982,982,'insert','2025-10-24 11:28:20'),(983,983,'insert','2025-10-24 11:28:20'),(984,984,'insert','2025-10-24 11:28:20'),(985,985,'insert','2025-10-24 11:28:20'),(986,986,'insert','2025-10-24 11:28:20'),(987,987,'insert','2025-10-24 11:28:20'),(988,988,'insert','2025-10-24 11:28:20'),(989,989,'insert','2025-10-24 11:28:20'),(990,990,'insert','2025-10-24 11:28:20'),(991,991,'insert','2025-10-24 11:28:20'),(992,992,'insert','2025-10-24 11:28:20'),(993,993,'insert','2025-10-24 11:28:20'),(994,994,'insert','2025-10-24 11:28:20'),(995,995,'insert','2025-10-24 11:28:20'),(996,996,'insert','2025-10-24 11:28:20'),(997,997,'insert','2025-10-24 11:28:20'),(998,998,'insert','2025-10-24 11:28:20'),(999,999,'insert','2025-10-24 11:28:20'),(1000,1000,'insert','2025-10-24 11:28:20'),(1001,1001,'insert','2025-10-24 11:28:20'),(1002,1002,'insert','2025-10-24 11:28:20'),(1003,1003,'insert','2025-10-24 11:28:20'),(1004,1004,'insert','2025-10-24 11:28:20'),(1005,1005,'insert','2025-10-24 11:28:21'),(1006,1006,'insert','2025-10-24 11:28:21'),(1007,1007,'insert','2025-10-24 11:28:21'),(1008,1008,'insert','2025-10-24 11:28:21'),(1009,1009,'insert','2025-10-24 11:28:21'),(1010,1010,'insert','2025-10-24 11:28:21'),(1011,1011,'insert','2025-10-24 11:28:21'),(1012,1012,'insert','2025-10-24 11:28:21'),(1013,1013,'insert','2025-10-24 11:28:21'),(1014,1014,'insert','2025-10-24 11:28:21'),(1015,1015,'insert','2025-10-24 11:28:21'),(1016,1016,'insert','2025-10-24 11:28:21'),(1017,1017,'insert','2025-10-24 11:28:21'),(1018,1018,'insert','2025-10-24 11:28:21'),(1019,1019,'insert','2025-10-24 11:28:21'),(1020,1020,'insert','2025-10-24 11:28:21'),(1021,1021,'insert','2025-10-24 11:28:21'),(1022,1022,'insert','2025-10-24 11:28:21'),(1023,1023,'insert','2025-10-24 11:28:21'),(1024,1024,'insert','2025-10-24 11:28:21'),(1025,1025,'insert','2025-10-24 11:28:21'),(1026,1026,'insert','2025-10-24 11:28:21'),(1027,1027,'insert','2025-10-24 11:28:21'),(1028,1028,'insert','2025-10-24 11:28:21'),(1029,1029,'insert','2025-10-24 11:28:21'),(1030,1030,'insert','2025-10-24 11:28:21'),(1031,1031,'insert','2025-10-24 11:28:21'),(1032,1032,'insert','2025-10-24 11:28:21'),(1033,1033,'insert','2025-10-24 11:28:21'),(1034,1034,'insert','2025-10-24 11:28:21'),(1035,1035,'insert','2025-10-24 11:28:21'),(1036,1036,'insert','2025-10-24 11:28:21'),(1037,1037,'insert','2025-10-24 11:28:21'),(1038,1038,'insert','2025-10-24 11:28:21'),(1039,1039,'insert','2025-10-24 11:28:21'),(1040,1040,'insert','2025-10-24 11:28:21'),(1041,1041,'insert','2025-10-24 11:28:21'),(1042,1042,'insert','2025-10-24 11:28:21'),(1043,1043,'insert','2025-10-24 11:28:21'),(1044,1044,'insert','2025-10-24 11:28:21'),(1045,1045,'insert','2025-10-24 11:28:21'),(1046,1046,'insert','2025-10-24 11:28:21'),(1047,1047,'insert','2025-10-24 11:28:21'),(1048,1048,'insert','2025-10-24 11:28:21'),(1049,1049,'insert','2025-10-24 11:28:21'),(1050,1050,'insert','2025-10-24 11:28:21'),(1051,1051,'insert','2025-10-24 11:28:21'),(1052,1052,'insert','2025-10-24 11:28:21'),(1053,1053,'insert','2025-10-24 11:28:21'),(1054,1054,'insert','2025-10-24 11:28:21'),(1055,1055,'insert','2025-10-24 11:28:21'),(1056,1056,'insert','2025-10-24 11:28:21'),(1057,1057,'insert','2025-10-24 11:28:21'),(1058,1058,'insert','2025-10-24 11:28:21'),(1059,1059,'insert','2025-10-24 11:28:21'),(1060,1060,'insert','2025-10-24 11:28:21'),(1061,1061,'insert','2025-10-24 11:28:21'),(1062,1062,'insert','2025-10-24 11:28:21'),(1063,1063,'insert','2025-10-24 11:28:21'),(1064,1064,'insert','2025-10-24 11:28:21'),(1065,1065,'insert','2025-10-24 11:28:21'),(1066,1066,'insert','2025-10-24 11:28:21'),(1067,1067,'insert','2025-10-24 11:28:21'),(1068,1068,'insert','2025-10-24 11:28:21'),(1069,1069,'insert','2025-10-24 11:28:21'),(1070,1070,'insert','2025-10-24 11:28:21'),(1071,1071,'insert','2025-10-24 11:28:21'),(1072,1072,'insert','2025-10-24 11:28:21'),(1073,1073,'insert','2025-10-24 11:28:21'),(1074,1074,'insert','2025-10-24 11:28:21'),(1075,1075,'insert','2025-10-24 11:28:21'),(1076,1076,'insert','2025-10-24 11:28:21'),(1077,1077,'insert','2025-10-24 11:28:21'),(1078,1078,'insert','2025-10-24 11:28:21'),(1079,1079,'insert','2025-10-24 11:28:21'),(1080,1080,'insert','2025-10-24 11:28:21'),(1081,1081,'insert','2025-10-24 11:28:21'),(1082,1082,'insert','2025-10-24 11:28:21'),(1083,1083,'insert','2025-10-24 11:28:21'),(1084,1084,'insert','2025-10-24 11:28:21'),(1085,1085,'insert','2025-10-24 11:28:21'),(1086,1086,'insert','2025-10-24 11:28:21'),(1087,1087,'insert','2025-10-24 11:28:21'),(1088,1088,'insert','2025-10-24 11:28:21'),(1089,1089,'insert','2025-10-24 11:28:21'),(1090,1090,'insert','2025-10-24 11:28:21'),(1091,1091,'insert','2025-10-24 11:28:21'),(1092,1092,'insert','2025-10-24 11:28:21'),(1093,1093,'insert','2025-10-24 11:28:21'),(1094,1094,'insert','2025-10-24 11:28:21'),(1095,1095,'insert','2025-10-24 11:28:21'),(1096,1096,'insert','2025-10-24 11:28:21'),(1097,1097,'insert','2025-10-24 11:28:21'),(1098,1098,'insert','2025-10-24 11:28:21'),(1099,1099,'insert','2025-10-24 11:28:21'),(1100,1100,'insert','2025-10-24 11:28:21'),(1101,1101,'insert','2025-10-24 11:28:21'),(1102,1102,'insert','2025-10-24 11:28:21'),(1103,1103,'insert','2025-10-24 11:28:21'),(1104,1104,'insert','2025-10-24 11:28:21'),(1105,1105,'insert','2025-10-24 11:28:21'),(1106,1106,'insert','2025-10-24 11:28:21'),(1107,1107,'insert','2025-10-24 11:28:21'),(1108,1108,'insert','2025-10-24 11:28:21'),(1109,1109,'insert','2025-10-24 11:28:21'),(1110,1110,'insert','2025-10-24 11:28:21'),(1111,1111,'insert','2025-10-24 11:28:21'),(1112,1112,'insert','2025-10-24 11:28:21'),(1113,1113,'insert','2025-10-24 11:28:21'),(1114,1114,'insert','2025-10-24 11:28:21'),(1115,1115,'insert','2025-10-24 11:28:21'),(1116,1116,'insert','2025-10-24 11:28:21'),(1117,1117,'insert','2025-10-24 11:28:21'),(1118,1118,'insert','2025-10-24 11:28:21'),(1119,1119,'insert','2025-10-24 11:28:21'),(1120,1120,'insert','2025-10-24 11:28:21'),(1121,1121,'insert','2025-10-24 11:28:21'),(1122,1122,'insert','2025-10-24 11:28:21'),(1123,1123,'insert','2025-10-24 11:28:21'),(1124,1124,'insert','2025-10-24 11:28:21'),(1125,1125,'insert','2025-10-24 11:28:21'),(1126,1126,'insert','2025-10-24 11:28:21'),(1127,1127,'insert','2025-10-24 11:28:21'),(1128,1128,'insert','2025-10-24 11:28:21'),(1129,1129,'insert','2025-10-24 11:28:21'),(1130,1130,'insert','2025-10-24 11:28:21'),(1131,1131,'insert','2025-10-24 11:28:21'),(1132,1132,'insert','2025-10-24 11:28:21'),(1133,1133,'insert','2025-10-24 11:28:21'),(1134,1134,'insert','2025-10-24 11:28:21'),(1135,1135,'insert','2025-10-24 11:28:21'),(1136,1136,'insert','2025-10-24 11:28:21'),(1137,1137,'insert','2025-10-24 11:28:21'),(1138,1138,'insert','2025-10-24 11:28:21'),(1139,1139,'insert','2025-10-24 11:28:21'),(1140,1140,'insert','2025-10-24 11:28:21'),(1141,1141,'insert','2025-10-24 11:28:21'),(1142,1142,'insert','2025-10-24 11:28:21'),(1143,1143,'insert','2025-10-24 11:28:21'),(1144,1144,'insert','2025-10-24 11:28:22'),(1145,1145,'insert','2025-10-24 11:28:22'),(1146,1146,'insert','2025-10-24 11:28:22'),(1147,1147,'insert','2025-10-24 11:28:22'),(1148,1148,'insert','2025-10-24 11:28:22'),(1149,1149,'insert','2025-10-24 11:28:22'),(1150,1150,'insert','2025-10-24 11:28:22'),(1151,1151,'insert','2025-10-24 11:28:22'),(1152,1152,'insert','2025-10-24 11:28:22'),(1153,1153,'insert','2025-10-24 11:28:22'),(1154,1154,'insert','2025-10-24 11:28:22'),(1155,1155,'insert','2025-10-24 11:28:22');
/*!40000 ALTER TABLE `purchase_log` ENABLE KEYS */;
UNLOCK TABLES;

--
-- Table structure for table `purchase_records`
--

DROP TABLE IF EXISTS `purchase_records`;
/*!40101 SET @saved_cs_client     = @@character_set_client */;
/*!50503 SET character_set_client = utf8mb4 */;
CREATE TABLE `purchase_records` (
  `purchase_id` int unsigned NOT NULL AUTO_INCREMENT,
  `seller_id` varchar(50) DEFAULT NULL,
  `customer_id` varchar(50) DEFAULT NULL,
  `payment_id` int unsigned DEFAULT NULL,
  `total_amount` decimal(7,2) DEFAULT NULL,
  `total_discount` decimal(7,2) DEFAULT NULL,
  `purchase_date` datetime DEFAULT CURRENT_TIMESTAMP COMMENT '–î–∞—Ç–∞ –∏ –≤—Ä–µ–º—è –ø–æ–∫—É–ø–∫–∏',
  PRIMARY KEY (`purchase_id`),
  KEY `fk_payments` (`payment_id`),
  KEY `idx_purchase_records_seller` (`seller_id`),
  KEY `fk_customers` (`customer_id`),
  CONSTRAINT `fk_customers` FOREIGN KEY (`customer_id`) REFERENCES `customers` (`customer_id`),
  CONSTRAINT `fk_payments` FOREIGN KEY (`payment_id`) REFERENCES `payments` (`payment_id`) ON DELETE SET NULL ON UPDATE CASCADE,
  CONSTRAINT `fk_sellers` FOREIGN KEY (`seller_id`) REFERENCES `sellers` (`seller_id`)
) ENGINE=InnoDB AUTO_INCREMENT=1156 DEFAULT CHARSET=utf8mb4 COLLATE=utf8mb4_0900_ai_ci;
/*!40101 SET character_set_client = @saved_cs_client */;

--
-- Dumping data for table `purchase_records`
--

LOCK TABLES `purchase_records` WRITE;
/*!40000 ALTER TABLE `purchase_records` DISABLE KEYS */;
INSERT INTO `purchase_records` VALUES (926,'seller_5','customer_1',NULL,4657.56,271.71,'2024-01-01 00:00:00'),(927,'seller_1','customer_1',NULL,5015.02,447.83,'2024-01-01 00:00:00'),(928,'seller_1','customer_1',NULL,875.65,149.10,'2024-01-01 00:00:00'),(929,'seller_5','customer_1',NULL,1635.50,180.37,'2024-01-01 00:00:00'),(930,'seller_4','customer_1',NULL,2921.92,325.61,'2024-01-01 00:00:00'),(931,'seller_3','customer_1',NULL,1308.66,93.61,'2024-01-01 00:00:00'),(932,'seller_2','customer_1',NULL,6190.54,784.23,'2024-01-01 00:00:00'),(933,'seller_5','customer_1',NULL,2384.46,130.96,'2024-01-01 00:00:00'),(934,'seller_4','customer_1',NULL,1744.23,92.61,'2024-01-01 00:00:00'),(935,'seller_2','customer_1',NULL,3302.37,358.44,'2024-01-01 00:00:00'),(936,'seller_3','customer_1',NULL,848.46,65.14,'2024-01-01 00:00:00'),(937,'seller_2','customer_1',NULL,560.48,36.79,'2024-01-01 00:00:00'),(938,'seller_2','customer_1',NULL,4046.37,493.62,'2024-01-01 00:00:00'),(939,'seller_5','customer_1',NULL,749.47,57.97,'2024-01-01 00:00:00'),(940,'seller_4','customer_1',NULL,6264.74,518.25,'2024-01-01 00:00:00'),(941,'seller_4','customer_1',NULL,4675.94,270.68,'2024-01-01 00:00:00'),(942,'seller_4','customer_1',NULL,1851.99,13.99,'2024-01-01 00:00:00'),(943,'seller_1','customer_1',NULL,4587.32,455.02,'2024-01-01 00:00:00'),(944,'seller_1','customer_1',NULL,4158.53,151.47,'2024-01-01 00:00:00'),(945,'seller_5','customer_1',NULL,3250.08,303.39,'2024-01-01 00:00:00'),(946,'seller_3','customer_1',NULL,7081.99,643.49,'2024-01-01 00:00:00'),(947,'seller_1','customer_2',NULL,1941.99,110.29,'2024-01-01 00:00:00'),(948,'seller_1','customer_2',NULL,4454.97,366.05,'2024-01-01 00:00:00'),(949,'seller_4','customer_2',NULL,740.80,29.02,'2024-01-01 00:00:00'),(950,'seller_1','customer_2',NULL,3106.04,267.16,'2024-01-01 00:00:00'),(951,'seller_3','customer_2',NULL,1407.76,144.27,'2024-01-01 00:00:00'),(952,'seller_5','customer_2',NULL,3471.96,116.21,'2024-01-01 00:00:00'),(953,'seller_3','customer_2',NULL,1010.48,52.62,'2024-01-01 00:00:00'),(954,'seller_4','customer_2',NULL,2367.64,328.52,'2024-01-01 00:00:00'),(955,'seller_2','customer_2',NULL,3210.64,224.23,'2024-01-01 00:00:00'),(956,'seller_5','customer_2',NULL,4110.12,395.28,'2024-01-01 00:00:00'),(957,'seller_3','customer_2',NULL,802.97,106.09,'2024-01-01 00:00:00'),(958,'seller_1','customer_2',NULL,3872.68,488.56,'2024-01-01 00:00:00'),(959,'seller_2','customer_2',NULL,1720.61,73.21,'2024-01-01 00:00:00'),(960,'seller_1','customer_2',NULL,4182.81,348.99,'2024-01-01 00:00:00'),(961,'seller_3','customer_2',NULL,4887.79,450.87,'2024-01-01 00:00:00'),(962,'seller_5','customer_2',NULL,4510.29,524.02,'2024-01-01 00:00:00'),(963,'seller_4','customer_2',NULL,1244.79,89.72,'2024-01-01 00:00:00'),(964,'seller_3','customer_2',NULL,761.15,89.77,'2024-01-01 00:00:00'),(965,'seller_1','customer_2',NULL,2520.47,124.37,'2024-01-01 00:00:00'),(966,'seller_1','customer_2',NULL,7462.35,578.98,'2024-01-01 00:00:00'),(967,'seller_2','customer_2',NULL,871.73,55.35,'2024-01-01 00:00:00'),(968,'seller_4','customer_2',NULL,5068.95,201.12,'2024-01-01 00:00:00'),(969,'seller_1','customer_2',NULL,2983.62,69.93,'2024-01-01 00:00:00'),(970,'seller_4','customer_2',NULL,3177.95,280.75,'2024-01-01 00:00:00'),(971,'seller_3','customer_2',NULL,9352.21,543.84,'2024-01-01 00:00:00'),(972,'seller_5','customer_2',NULL,4160.69,436.41,'2024-01-01 00:00:00'),(973,'seller_1','customer_2',NULL,1782.19,146.59,'2024-01-01 00:00:00'),(974,'seller_1','customer_3',NULL,4881.05,354.93,'2024-01-01 00:00:00'),(975,'seller_2','customer_3',NULL,313.62,46.86,'2024-01-01 00:00:00'),(976,'seller_3','customer_3',NULL,4851.74,88.67,'2024-01-01 00:00:00'),(977,'seller_5','customer_3',NULL,5737.94,847.84,'2024-01-01 00:00:00'),(978,'seller_4','customer_3',NULL,5116.95,177.49,'2024-01-01 00:00:00'),(979,'seller_1','customer_3',NULL,2365.30,183.02,'2024-01-01 00:00:00'),(980,'seller_2','customer_3',NULL,2839.92,194.58,'2024-01-01 00:00:00'),(981,'seller_2','customer_3',NULL,1524.65,162.78,'2024-01-01 00:00:00'),(982,'seller_1','customer_3',NULL,477.41,36.76,'2024-01-01 00:00:00'),(983,'seller_3','customer_3',NULL,4199.76,114.21,'2024-01-01 00:00:00'),(984,'seller_2','customer_3',NULL,5224.94,450.52,'2024-01-01 00:00:00'),(985,'seller_1','customer_3',NULL,5003.33,736.71,'2024-01-01 00:00:00'),(986,'seller_2','customer_3',NULL,2765.67,260.24,'2024-01-01 00:00:00'),(987,'seller_3','customer_3',NULL,3619.91,105.80,'2024-01-01 00:00:00'),(988,'seller_3','customer_3',NULL,2065.06,207.26,'2024-01-01 00:00:00'),(989,'seller_3','customer_3',NULL,3816.15,242.04,'2024-01-01 00:00:00'),(990,'seller_3','customer_3',NULL,2234.13,209.62,'2024-01-01 00:00:00'),(991,'seller_1','customer_3',NULL,2598.19,240.05,'2024-01-01 00:00:00'),(992,'seller_3','customer_3',NULL,605.38,63.55,'2024-01-01 00:00:00'),(993,'seller_4','customer_3',NULL,2747.00,197.17,'2024-01-01 00:00:00'),(994,'seller_2','customer_3',NULL,4544.20,162.04,'2024-01-01 00:00:00'),(995,'seller_2','customer_3',NULL,5071.00,381.57,'2024-01-01 00:00:00'),(996,'seller_5','customer_3',NULL,2412.81,105.78,'2024-01-01 00:00:00'),(997,'seller_3','customer_4',NULL,5599.70,501.48,'2024-01-01 00:00:00'),(998,'seller_1','customer_4',NULL,2321.57,171.97,'2024-01-01 00:00:00'),(999,'seller_2','customer_4',NULL,2127.45,222.36,'2024-01-01 00:00:00'),(1000,'seller_1','customer_4',NULL,4490.54,206.91,'2024-01-01 00:00:00'),(1001,'seller_1','customer_4',NULL,3003.68,198.65,'2024-01-01 00:00:00'),(1002,'seller_4','customer_4',NULL,138.19,23.93,'2024-01-01 00:00:00'),(1003,'seller_1','customer_4',NULL,831.73,57.92,'2024-01-01 00:00:00'),(1004,'seller_2','customer_4',NULL,7841.69,473.62,'2024-01-01 00:00:00'),(1005,'seller_4','customer_4',NULL,6288.80,656.77,'2024-01-01 00:00:00'),(1006,'seller_1','customer_4',NULL,1464.87,28.83,'2024-01-01 00:00:00'),(1007,'seller_3','customer_4',NULL,5064.91,334.90,'2024-01-01 00:00:00'),(1008,'seller_1','customer_4',NULL,1085.05,104.44,'2024-01-01 00:00:00'),(1009,'seller_1','customer_4',NULL,2134.15,74.78,'2024-01-01 00:00:00'),(1010,'seller_2','customer_4',NULL,2123.95,54.68,'2024-01-01 00:00:00'),(1011,'seller_5','customer_4',NULL,1007.49,19.43,'2024-01-01 00:00:00'),(1012,'seller_2','customer_4',NULL,382.73,62.67,'2024-01-01 00:00:00'),(1013,'seller_1','customer_4',NULL,413.11,13.13,'2024-01-01 00:00:00'),(1014,'seller_4','customer_4',NULL,3476.73,486.76,'2024-01-01 00:00:00'),(1015,'seller_5','customer_4',NULL,3016.99,219.75,'2024-01-01 00:00:00'),(1016,'seller_2','customer_5',NULL,504.40,43.74,'2024-01-01 00:00:00'),(1017,'seller_2','customer_5',NULL,5462.49,642.16,'2024-01-01 00:00:00'),(1018,'seller_1','customer_5',NULL,3125.55,322.99,'2024-01-01 00:00:00'),(1019,'seller_4','customer_5',NULL,1758.87,183.13,'2024-01-01 00:00:00'),(1020,'seller_3','customer_5',NULL,1052.45,91.61,'2024-01-01 00:00:00'),(1021,'seller_3','customer_5',NULL,2613.03,149.03,'2024-01-01 00:00:00'),(1022,'seller_3','customer_5',NULL,232.98,34.44,'2024-01-01 00:00:00'),(1023,'seller_3','customer_5',NULL,4559.45,321.52,'2024-01-01 00:00:00'),(1024,'seller_2','customer_5',NULL,670.33,96.89,'2024-01-01 00:00:00'),(1025,'seller_4','customer_5',NULL,2480.75,187.85,'2024-01-01 00:00:00'),(1026,'seller_4','customer_5',NULL,6074.89,762.74,'2024-01-01 00:00:00'),(1027,'seller_3','customer_5',NULL,3033.28,160.42,'2024-01-01 00:00:00'),(1028,'seller_1','customer_5',NULL,2203.16,185.37,'2024-01-01 00:00:00'),(1029,'seller_1','customer_5',NULL,387.32,55.63,'2024-01-01 00:00:00'),(1030,'seller_1','customer_5',NULL,2764.72,302.33,'2024-01-01 00:00:00'),(1031,'seller_3','customer_5',NULL,260.77,15.26,'2024-01-01 00:00:00'),(1032,'seller_5','customer_5',NULL,2726.99,281.58,'2024-01-01 00:00:00'),(1033,'seller_5','customer_5',NULL,3395.47,323.34,'2024-01-01 00:00:00'),(1034,'seller_2','customer_5',NULL,1975.76,141.89,'2024-01-01 00:00:00'),(1035,'seller_2','customer_5',NULL,5714.65,363.54,'2024-01-01 00:00:00'),(1036,'seller_4','customer_5',NULL,2992.54,124.73,'2024-01-01 00:00:00'),(1037,'seller_2','customer_5',NULL,3501.50,274.66,'2024-01-01 00:00:00'),(1038,'seller_1','customer_5',NULL,1159.91,67.57,'2024-01-01 00:00:00'),(1039,'seller_2','customer_5',NULL,8103.06,760.63,'2024-01-01 00:00:00'),(1040,'seller_5','customer_5',NULL,5398.32,567.56,'2024-01-01 00:00:00'),(1041,'seller_1','customer_5',NULL,3125.25,255.16,'2024-01-01 00:00:00'),(1042,'seller_2','customer_6',NULL,2831.55,176.25,'2024-01-01 00:00:00'),(1043,'seller_4','customer_6',NULL,1683.64,144.62,'2024-01-01 00:00:00'),(1044,'seller_5','customer_6',NULL,842.93,31.75,'2024-01-01 00:00:00'),(1045,'seller_5','customer_6',NULL,1446.66,144.49,'2024-01-01 00:00:00'),(1046,'seller_4','customer_6',NULL,4084.09,268.20,'2024-01-01 00:00:00'),(1047,'seller_5','customer_6',NULL,4059.80,644.75,'2024-01-01 00:00:00'),(1048,'seller_2','customer_6',NULL,6445.48,828.98,'2024-01-01 00:00:00'),(1049,'seller_3','customer_6',NULL,5140.90,367.05,'2024-01-01 00:00:00'),(1050,'seller_2','customer_6',NULL,2200.70,188.30,'2024-01-01 00:00:00'),(1051,'seller_1','customer_6',NULL,5054.09,242.39,'2024-01-01 00:00:00'),(1052,'seller_1','customer_6',NULL,7885.74,586.72,'2024-01-01 00:00:00'),(1053,'seller_5','customer_6',NULL,4174.52,364.84,'2024-01-01 00:00:00'),(1054,'seller_4','customer_6',NULL,981.99,84.46,'2024-01-01 00:00:00'),(1055,'seller_5','customer_6',NULL,3886.86,199.24,'2024-01-01 00:00:00'),(1056,'seller_5','customer_6',NULL,7113.02,720.82,'2024-01-01 00:00:00'),(1057,'seller_3','customer_6',NULL,4002.47,315.58,'2024-01-01 00:00:00'),(1058,'seller_2','customer_6',NULL,1082.57,95.10,'2024-01-01 00:00:00'),(1059,'seller_2','customer_6',NULL,5775.05,158.88,'2024-01-01 00:00:00'),(1060,'seller_3','customer_6',NULL,3647.30,83.06,'2024-01-01 00:00:00'),(1061,'seller_1','customer_6',NULL,5716.95,324.87,'2024-01-01 00:00:00'),(1062,'seller_4','customer_6',NULL,4459.37,414.13,'2024-01-01 00:00:00'),(1063,'seller_1','customer_6',NULL,3840.20,420.44,'2024-01-01 00:00:00'),(1064,'seller_1','customer_6',NULL,2054.10,220.79,'2024-01-01 00:00:00'),(1065,'seller_3','customer_6',NULL,7942.10,210.24,'2024-01-01 00:00:00'),(1066,'seller_4','customer_7',NULL,811.96,50.73,'2024-01-01 00:00:00'),(1067,'seller_1','customer_7',NULL,2139.08,90.66,'2024-01-01 00:00:00'),(1068,'seller_5','customer_7',NULL,1397.44,151.75,'2024-01-01 00:00:00'),(1069,'seller_4','customer_7',NULL,3703.77,170.34,'2024-01-01 00:00:00'),(1070,'seller_5','customer_7',NULL,4139.81,160.39,'2024-01-01 00:00:00'),(1071,'seller_4','customer_7',NULL,7831.20,782.75,'2024-01-01 00:00:00'),(1072,'seller_4','customer_7',NULL,3374.94,333.48,'2024-01-01 00:00:00'),(1073,'seller_5','customer_7',NULL,2576.14,387.57,'2024-01-01 00:00:00'),(1074,'seller_3','customer_7',NULL,4582.69,384.53,'2024-01-01 00:00:00'),(1075,'seller_4','customer_7',NULL,5630.24,268.30,'2024-01-01 00:00:00'),(1076,'seller_2','customer_7',NULL,2587.85,207.90,'2024-01-01 00:00:00'),(1077,'seller_2','customer_7',NULL,3569.99,80.90,'2024-01-01 00:00:00'),(1078,'seller_4','customer_7',NULL,2657.19,9.45,'2024-01-01 00:00:00'),(1079,'seller_4','customer_7',NULL,4787.51,132.53,'2024-01-01 00:00:00'),(1080,'seller_1','customer_7',NULL,1626.38,147.71,'2024-01-01 00:00:00'),(1081,'seller_5','customer_7',NULL,5137.06,529.77,'2024-01-01 00:00:00'),(1082,'seller_2','customer_7',NULL,2212.98,279.74,'2024-01-01 00:00:00'),(1083,'seller_5','customer_7',NULL,3727.90,276.06,'2024-01-01 00:00:00'),(1084,'seller_3','customer_7',NULL,4641.74,230.22,'2024-01-01 00:00:00'),(1085,'seller_4','customer_7',NULL,2977.16,262.72,'2024-01-01 00:00:00'),(1086,'seller_2','customer_8',NULL,3833.83,272.00,'2024-01-01 00:00:00'),(1087,'seller_3','customer_8',NULL,5559.49,374.92,'2024-01-01 00:00:00'),(1088,'seller_1','customer_8',NULL,1875.53,243.17,'2024-01-01 00:00:00'),(1089,'seller_2','customer_8',NULL,4112.98,376.79,'2024-01-01 00:00:00'),(1090,'seller_1','customer_8',NULL,4679.37,327.01,'2024-01-01 00:00:00'),(1091,'seller_1','customer_8',NULL,2608.57,133.77,'2024-01-01 00:00:00'),(1092,'seller_2','customer_8',NULL,5209.76,677.42,'2024-01-01 00:00:00'),(1093,'seller_1','customer_8',NULL,1873.00,170.01,'2024-01-01 00:00:00'),(1094,'seller_4','customer_8',NULL,1154.19,64.86,'2024-01-01 00:00:00'),(1095,'seller_4','customer_8',NULL,4765.80,314.27,'2024-01-01 00:00:00'),(1096,'seller_5','customer_8',NULL,253.63,43.53,'2024-01-01 00:00:00'),(1097,'seller_1','customer_8',NULL,431.23,40.78,'2024-01-01 00:00:00'),(1098,'seller_4','customer_8',NULL,937.90,53.78,'2024-01-01 00:00:00'),(1099,'seller_1','customer_8',NULL,3106.78,205.27,'2024-01-01 00:00:00'),(1100,'seller_4','customer_8',NULL,5451.28,409.03,'2024-01-01 00:00:00'),(1101,'seller_5','customer_8',NULL,1312.12,141.64,'2024-01-01 00:00:00'),(1102,'seller_4','customer_8',NULL,5724.13,260.84,'2024-01-01 00:00:00'),(1103,'seller_5','customer_8',NULL,544.84,84.38,'2024-01-01 00:00:00'),(1104,'seller_3','customer_9',NULL,2041.42,207.64,'2024-01-01 00:00:00'),(1105,'seller_5','customer_9',NULL,1778.78,42.69,'2024-01-01 00:00:00'),(1106,'seller_2','customer_9',NULL,2599.42,148.67,'2024-01-01 00:00:00'),(1107,'seller_1','customer_9',NULL,644.78,59.82,'2024-01-01 00:00:00'),(1108,'seller_3','customer_9',NULL,3468.56,424.60,'2024-01-01 00:00:00'),(1109,'seller_5','customer_9',NULL,3778.02,369.61,'2024-01-01 00:00:00'),(1110,'seller_5','customer_9',NULL,5028.18,462.80,'2024-01-01 00:00:00'),(1111,'seller_1','customer_9',NULL,3912.28,500.83,'2024-01-01 00:00:00'),(1112,'seller_4','customer_9',NULL,6000.09,357.99,'2024-01-01 00:00:00'),(1113,'seller_3','customer_9',NULL,1279.46,160.86,'2024-01-01 00:00:00'),(1114,'seller_2','customer_9',NULL,3575.95,235.46,'2024-01-01 00:00:00'),(1115,'seller_3','customer_9',NULL,3542.95,165.54,'2024-01-01 00:00:00'),(1116,'seller_2','customer_9',NULL,3827.08,333.32,'2024-01-01 00:00:00'),(1117,'seller_5','customer_9',NULL,446.41,17.30,'2024-01-01 00:00:00'),(1118,'seller_4','customer_9',NULL,2547.92,82.06,'2024-01-01 00:00:00'),(1119,'seller_3','customer_9',NULL,3272.09,84.68,'2024-01-01 00:00:00'),(1120,'seller_4','customer_9',NULL,5571.51,288.63,'2024-01-01 00:00:00'),(1121,'seller_3','customer_9',NULL,3094.53,223.01,'2024-01-01 00:00:00'),(1122,'seller_1','customer_9',NULL,6163.06,388.58,'2024-01-01 00:00:00'),(1123,'seller_5','customer_9',NULL,3014.34,264.87,'2024-01-01 00:00:00'),(1124,'seller_4','customer_9',NULL,3936.73,287.73,'2024-01-01 00:00:00'),(1125,'seller_1','customer_9',NULL,3218.06,279.70,'2024-01-01 00:00:00'),(1126,'seller_4','customer_9',NULL,2130.91,212.74,'2024-01-01 00:00:00'),(1127,'seller_2','customer_10',NULL,2299.65,271.15,'2024-01-01 00:00:00'),(1128,'seller_1','customer_10',NULL,6895.99,562.14,'2024-01-01 00:00:00'),(1129,'seller_5','customer_10',NULL,3390.36,352.84,'2024-01-01 00:00:00'),(1130,'seller_1','customer_10',NULL,4435.53,182.74,'2024-01-01 00:00:00'),(1131,'seller_2','customer_10',NULL,4165.96,588.78,'2024-01-01 00:00:00'),(1132,'seller_2','customer_10',NULL,4842.33,471.24,'2024-01-01 00:00:00'),(1133,'seller_2','customer_10',NULL,1925.56,118.53,'2024-01-01 00:00:00'),(1134,'seller_5','customer_10',NULL,1178.30,114.40,'2024-01-01 00:00:00'),(1135,'seller_2','customer_10',NULL,912.53,141.81,'2024-01-01 00:00:00'),(1136,'seller_2','customer_10',NULL,3219.46,319.17,'2024-01-01 00:00:00'),(1137,'seller_1','customer_10',NULL,1516.17,133.10,'2024-01-01 00:00:00'),(1138,'seller_5','customer_10',NULL,1415.46,44.54,'2024-01-01 00:00:00'),(1139,'seller_3','customer_10',NULL,2237.60,301.50,'2024-01-01 00:00:00'),(1140,'seller_4','customer_10',NULL,2583.69,65.78,'2024-01-01 00:00:00'),(1141,'seller_2','customer_10',NULL,4616.03,332.39,'2024-01-01 00:00:00'),(1142,'seller_1','customer_10',NULL,351.49,9.01,'2024-01-01 00:00:00'),(1143,'seller_2','customer_10',NULL,4249.99,249.60,'2024-01-01 00:00:00'),(1144,'seller_4','customer_10',NULL,849.27,15.21,'2024-01-01 00:00:00'),(1145,'seller_5','customer_10',NULL,2718.13,102.71,'2024-01-01 00:00:00'),(1146,'seller_1','customer_10',NULL,1681.63,60.36,'2024-01-01 00:00:00'),(1147,'seller_4','customer_10',NULL,3113.76,259.20,'2024-01-01 00:00:00'),(1148,'seller_3','customer_10',NULL,3155.36,233.86,'2024-01-01 00:00:00'),(1149,'seller_5','customer_10',NULL,5388.16,516.20,'2024-01-01 00:00:00'),(1150,'seller_3','customer_10',NULL,3256.28,355.92,'2024-01-01 00:00:00'),(1151,'seller_2','customer_10',NULL,612.74,96.20,'2024-01-01 00:00:00'),(1152,'seller_4','customer_10',NULL,599.92,22.66,'2024-01-01 00:00:00'),(1153,'seller_3','customer_10',NULL,2087.27,187.19,'2024-01-01 00:00:00'),(1154,'seller_1','customer_10',NULL,5930.33,384.95,'2024-01-01 00:00:00'),(1155,'seller_5','customer_10',NULL,1537.99,134.50,'2024-01-01 00:00:00');
/*!40000 ALTER TABLE `purchase_records` ENABLE KEYS */;
UNLOCK TABLES;
/*!50003 SET @saved_cs_client      = @@character_set_client */ ;
/*!50003 SET @saved_cs_results     = @@character_set_results */ ;
/*!50003 SET @saved_col_connection = @@collation_connection */ ;
/*!50003 SET character_set_client  = cp866 */ ;
/*!50003 SET character_set_results = cp866 */ ;
/*!50003 SET collation_connection  = cp866_general_ci */ ;
/*!50003 SET @saved_sql_mode       = @@sql_mode */ ;
/*!50003 SET sql_mode              = 'ONLY_FULL_GROUP_BY,STRICT_TRANS_TABLES,NO_ZERO_IN_DATE,NO_ZERO_DATE,ERROR_FOR_DIVISION_BY_ZERO,NO_ENGINE_SUBSTITUTION' */ ;
DELIMITER ;;
/*!50003 CREATE*/ /*!50017 DEFINER=`root`@`localhost`*/ /*!50003 TRIGGER `trg_log_purchase_insert` AFTER INSERT ON `purchase_records` FOR EACH ROW begin
insert into purchase_log (purchase_id, action)
values (new.purchase_id, 'insert');
end */;;
DELIMITER ;
/*!50003 SET sql_mode              = @saved_sql_mode */ ;
/*!50003 SET character_set_client  = @saved_cs_client */ ;
/*!50003 SET character_set_results = @saved_cs_results */ ;
/*!50003 SET collation_connection  = @saved_col_connection */ ;

--
-- Table structure for table `seller_month_sales`
--

DROP TABLE IF EXISTS `seller_month_sales`;
/*!40101 SET @saved_cs_client     = @@character_set_client */;
/*!50503 SET character_set_client = utf8mb4 */;
CREATE TABLE `seller_month_sales` (
  `seller_id` int unsigned NOT NULL AUTO_INCREMENT,
  `period_id` int unsigned DEFAULT NULL,
  `total_quantity` decimal(7,2) DEFAULT NULL,
  `total_profit` decimal(7,2) DEFAULT NULL,
  PRIMARY KEY (`seller_id`),
  KEY `idx_sales_period` (`period_id`),
  KEY `idx_sales_seller` (`seller_id`) COMMENT '–ü–æ–∑–≤–æ–ª—è–µ—Ç –±—ã—Å—Ç—Ä–æ –ø–æ–ª—É—á–∞—Ç—å —Å—Ç–∞—Ç–∏—Å—Ç–∏–∫—É –ø—Ä–æ–¥–∞–∂ –∫–æ–Ω–∫—Ä–µ—Ç–Ω–æ–≥–æ –ø—Ä–æ–¥–∞–≤—Ü–∞',
  CONSTRAINT `fk_time_period` FOREIGN KEY (`period_id`) REFERENCES `time_period` (`period_id`) ON DELETE SET NULL ON UPDATE CASCADE
) ENGINE=InnoDB DEFAULT CHARSET=utf8mb4 COLLATE=utf8mb4_0900_ai_ci;
/*!40101 SET character_set_client = @saved_cs_client */;

--
-- Dumping data for table `seller_month_sales`
--

LOCK TABLES `seller_month_sales` WRITE;
/*!40000 ALTER TABLE `seller_month_sales` DISABLE KEYS */;
/*!40000 ALTER TABLE `seller_month_sales` ENABLE KEYS */;
UNLOCK TABLES;

--
-- Table structure for table `sellers`
--

DROP TABLE IF EXISTS `sellers`;
/*!40101 SET @saved_cs_client     = @@character_set_client */;
/*!50503 SET character_set_client = utf8mb4 */;
CREATE TABLE `sellers` (
  `seller_id` varchar(50) NOT NULL,
  `first_name` varchar(50) DEFAULT NULL,
  `last_name` varchar(50) DEFAULT NULL,
  `department` varchar(50) DEFAULT NULL,
  PRIMARY KEY (`seller_id`)
) ENGINE=InnoDB DEFAULT CHARSET=utf8mb4 COLLATE=utf8mb4_0900_ai_ci;
/*!40101 SET character_set_client = @saved_cs_client */;

--
-- Dumping data for table `sellers`
--

LOCK TABLES `sellers` WRITE;
/*!40000 ALTER TABLE `sellers` DISABLE KEYS */;
INSERT INTO `sellers` VALUES ('seller_1','Alexey','Petrov',NULL),('seller_10','Olga','Pavlova',NULL),('seller_11','Andrey','Zaitsev',NULL),('seller_12','Tatiana','Krylova',NULL),('seller_13','Vladimir','Lebedev',NULL),('seller_14','Yulia','Kozlova',NULL),('seller_15','Roman','Solovyov',NULL),('seller_16','Ksenia','Morozova',NULL),('seller_17','Pavel','Vasilyev',NULL),('seller_18','Ekaterina','Orlova',NULL),('seller_19','Artyom','Novikov',NULL),('seller_2','Mikhail','Nikolaev',NULL),('seller_20','Daria','Fedorova',NULL),('seller_21','Boris','Yakovlev',NULL),('seller_22','Natalia','Afanasyeva',NULL),('seller_23','Egor','Osipov',NULL),('seller_24','Marina','Bogdanova',NULL),('seller_25','Anton','Belyakov',NULL),('seller_26','Svetlana','Guseva',NULL),('seller_27','Denis','Timofeev',NULL),('seller_28','Vera','Konovalova',NULL),('seller_29','Maxim','Komarov',NULL),('seller_3','Ivan','Petrov',NULL),('seller_30','Alisa','Melnikova',NULL),('seller_31','Gleb','Makarov',NULL),('seller_32','Sofya','Blinova',NULL),('seller_33','Kirill','Dmitriev',NULL),('seller_34','Lidia','Zakharova',NULL),('seller_35','Leonid','Vinogradov',NULL),('seller_4','Petr','Alekseev',NULL),('seller_5','Nikolai','Ivanov',NULL),('seller_6','Elena','Smirnova',NULL),('seller_7','Dmitry','Kuznetsov',NULL),('seller_8','Anna','Sokolova',NULL),('seller_9','Sergey','Volkov',NULL);
/*!40000 ALTER TABLE `sellers` ENABLE KEYS */;
UNLOCK TABLES;

--
-- Table structure for table `time_period`
--

DROP TABLE IF EXISTS `time_period`;
/*!40101 SET @saved_cs_client     = @@character_set_client */;
/*!50503 SET character_set_client = utf8mb4 */;
CREATE TABLE `time_period` (
  `period_id` int unsigned NOT NULL AUTO_INCREMENT,
  `year` smallint DEFAULT NULL,
  `month` varchar(25) DEFAULT NULL,
  `quarter` varchar(25) DEFAULT NULL,
  PRIMARY KEY (`period_id`)
) ENGINE=InnoDB DEFAULT CHARSET=utf8mb4 COLLATE=utf8mb4_0900_ai_ci;
/*!40101 SET character_set_client = @saved_cs_client */;

--
-- Dumping data for table `time_period`
--

LOCK TABLES `time_period` WRITE;
/*!40000 ALTER TABLE `time_period` DISABLE KEYS */;
/*!40000 ALTER TABLE `time_period` ENABLE KEYS */;
UNLOCK TABLES;

--
-- Temporary view structure for view `view_full_purchases`
--

DROP TABLE IF EXISTS `view_full_purchases`;
/*!50001 DROP VIEW IF EXISTS `view_full_purchases`*/;
SET @saved_cs_client     = @@character_set_client;
/*!50503 SET character_set_client = utf8mb4 */;
/*!50001 CREATE VIEW `view_full_purchases` AS SELECT 
 1 AS `purchase_id`,
 1 AS `seller_first_name`,
 1 AS `seller_last_name`,
 1 AS `customer_first_name`,
 1 AS `customer_last_name`,
 1 AS `phone`,
 1 AS `payment_method`,
 1 AS `total_amount`,
 1 AS `total_discount`*/;
SET character_set_client = @saved_cs_client;

--
-- Temporary view structure for view `view_seller_performance`
--

DROP TABLE IF EXISTS `view_seller_performance`;
/*!50001 DROP VIEW IF EXISTS `view_seller_performance`*/;
SET @saved_cs_client     = @@character_set_client;
/*!50503 SET character_set_client = utf8mb4 */;
/*!50001 CREATE VIEW `view_seller_performance` AS SELECT 
 1 AS `first_name`,
 1 AS `last_name`,
 1 AS `year`,
 1 AS `month`,
 1 AS `total_quantity`,
 1 AS `total_profit`*/;
SET character_set_client = @saved_cs_client;

--
-- Final view structure for view `view_full_purchases`
--

/*!50001 DROP VIEW IF EXISTS `view_full_purchases`*/;
/*!50001 SET @saved_cs_client          = @@character_set_client */;
/*!50001 SET @saved_cs_results         = @@character_set_results */;
/*!50001 SET @saved_col_connection     = @@collation_connection */;
/*!50001 SET character_set_client      = cp866 */;
/*!50001 SET character_set_results     = cp866 */;
/*!50001 SET collation_connection      = cp866_general_ci */;
/*!50001 CREATE ALGORITHM=UNDEFINED */
/*!50013 DEFINER=`root`@`localhost` SQL SECURITY DEFINER */
/*!50001 VIEW `view_full_purchases` AS select `pr`.`purchase_id` AS `purchase_id`,`s`.`first_name` AS `seller_first_name`,`s`.`last_name` AS `seller_last_name`,`c`.`first_name` AS `customer_first_name`,`c`.`last_name` AS `customer_last_name`,`c`.`phone` AS `phone`,`p`.`method` AS `payment_method`,`pr`.`total_amount` AS `total_amount`,`pr`.`total_discount` AS `total_discount` from (((`purchase_records` `pr` join `sellers` `s` on((`pr`.`seller_id` = `s`.`seller_id`))) join `customers` `c` on((`pr`.`customer_id` = `c`.`customer_id`))) join `payments` `p` on((`pr`.`payment_id` = `p`.`payment_id`))) */;
/*!50001 SET character_set_client      = @saved_cs_client */;
/*!50001 SET character_set_results     = @saved_cs_results */;
/*!50001 SET collation_connection      = @saved_col_connection */;

--
-- Final view structure for view `view_seller_performance`
--

/*!50001 DROP VIEW IF EXISTS `view_seller_performance`*/;
/*!50001 SET @saved_cs_client          = @@character_set_client */;
/*!50001 SET @saved_cs_results         = @@character_set_results */;
/*!50001 SET @saved_col_connection     = @@collation_connection */;
/*!50001 SET character_set_client      = cp866 */;
/*!50001 SET character_set_results     = cp866 */;
/*!50001 SET collation_connection      = cp866_general_ci */;
/*!50001 CREATE ALGORITHM=UNDEFINED */
/*!50013 DEFINER=`root`@`localhost` SQL SECURITY DEFINER */
/*!50001 VIEW `view_seller_performance` AS select `sel`.`first_name` AS `first_name`,`sel`.`last_name` AS `last_name`,`tp`.`year` AS `year`,`tp`.`month` AS `month`,`sms`.`total_quantity` AS `total_quantity`,`sms`.`total_profit` AS `total_profit` from ((`seller_month_sales` `sms` join `sellers` `sel` on((`sms`.`seller_id` = `sel`.`seller_id`))) join `time_period` `tp` on((`sms`.`period_id` = `tp`.`period_id`))) */;
/*!50001 SET character_set_client      = @saved_cs_client */;
/*!50001 SET character_set_results     = @saved_cs_results */;
/*!50001 SET collation_connection      = @saved_col_connection */;
/*!40103 SET TIME_ZONE=@OLD_TIME_ZONE */;

/*!40101 SET SQL_MODE=@OLD_SQL_MODE */;
/*!40014 SET FOREIGN_KEY_CHECKS=@OLD_FOREIGN_KEY_CHECKS */;
/*!40014 SET UNIQUE_CHECKS=@OLD_UNIQUE_CHECKS */;
/*!40101 SET CHARACTER_SET_CLIENT=@OLD_CHARACTER_SET_CLIENT */;
/*!40101 SET CHARACTER_SET_RESULTS=@OLD_CHARACTER_SET_RESULTS */;
/*!40101 SET COLLATION_CONNECTION=@OLD_COLLATION_CONNECTION */;
/*!40111 SET SQL_NOTES=@OLD_SQL_NOTES */;

-- Dump completed on 2025-11-01 14:41:03
